List Sr.No.,Set No.,2025 Set,First Name,Surname,Country,State Association,DOB,Age,Specialism,Batting Type,Bowling Type,Test caps,ODI caps,T20 caps,IPL,Previous IPLTeam(s),2024 Team,2024 IPL,C/U/A,Reserve Price Rs Lakh
1,1,M1,Jos,Buttler,England,,08/09/1990,34,WICKETKEEPER,RHB,RIGHT ARM Off Spin,57,181,124,107,"MI,RR",RR,11,Capped,200
2,1,M1,Shreyas,Iyer,India,MCA,06/12/1994,30,BATTER,RHB,RIGHT ARM Off Spin,14,62,51,116,"DC,KKR",KKR,15,Capped,200
3,1,M1,Rishabh,Pant,India,DDCA,04/10/1997,27,BATTER,LHB,RIGHT ARM Off Spin,37,31,76,111,DC,DC,13,Capped,200
4,1,M1,Kagiso,Rabada,South Africa,,25/05/1995,29,BOWLER,RHB,RIGHT ARM Fast,66,101,65,80,"DC,PBKS",PBKS,11,Capped,200
5,1,M1,Arshdeep,Singh,India,PCA,05/02/1999,26,BOWLER,LHB,LEFT ARM Fast Medium,,8,56,65,PBKS,PBKS,14,Capped,200
6,1,M1,Mitchell,Starc,Australia,,30/01/1990,35,BOWLER,LHB,LEFT ARM Fast,89,125,65,41,RCB.KKR,KKR,14,Capped,200
7,2,M2,Yuzvendra,Chahal,India,HCA,23/07/1990,34,BOWLER,RHB,RIGHT ARM Leg Spin,,72,80,160,"MI,RCB,RR",RR,15,Capped,200
8,2,M2,Liam,Livingstone,England,,04/08/1993,31,ALL-ROUNDER,RHB,RIGHT ARM Leg Spin,1,31,50,39,"RR,PBKS",PBKS,7,Capped,200
9,2,M2,David,Miller,South Africa,,10/06/1989,35,BATTER,LHB,,,173,125,130,"PBKS,RR,GT",GT,9,Capped,150
10,2,M2,KL,Rahul,India,KSCA,18/04/1992,32,WICKETKEEPER,RHB,,53,77,72,132,"SRH,RCB,PBKS,LSG",LSG,14,Capped,200
11,2,M2,Mohammad,Shami,India,CAB,03/09/1990,34,BOWLER,RHB,RIGHT ARM Fast,64,101,23,110,"KKR,PBKS,GT",GT,0,Capped,200
12,2,M2,Mohammad,Siraj,India,HYCA,13/03/1994,31,BOWLER,RHB,RIGHT ARM Fast,30,44,16,93,"SRH,RCB",RCB,14,Capped,200
13,3,BA1,Harry,Brook,England,,22/02/1999,26,BATTER,RHB,RIGHT ARM Medium,21,20,39,11,"SRH,DC",DC,0,Capped,200
14,3,BA1,Devon,Conway,New Zealand,,08/07/1991,33,BATTER,LHB,,24,32,50,23,CSK,CSK,0,Capped,200
15,3,BA1,Jake,Fraser-Mcgurk,Australia,,11/04/2002,22,BATTER,RHB,,,2,4,9,DC,DC,9,Capped,200
16,3,BA1,Aiden,Markram,South Africa,,04/10/1994,30,BATTER,RHB,RIGHT ARM Off Spin,41,71,53,44,"PBKS,SRH",SRH,11,Capped,200
17,3,BA1,Devdutt,Padikkal,India,KSCA,07/07/2000,24,BATTER,LHB,,1,,2,64,"RCB,RR,LSG",LSG,7,Capped,200
18,3,BA1,Rahul,Tripathi,India,MACA,02/03/1991,34,BATTER,RHB,RIGHT ARM Medium,,,5,95,"RPS,RR,KKR,SRH",SRH,6,Capped,75
19,3,BA1,David,Warner,Australia,,27/10/1986,38,BATTER,LHB,,112,161,110,184,"SRH,DC",DC,8,Capped,200
20,4,AL1,Ravichandaran,Ashwin,India,TNCA,17/09/1986,38,ALL-ROUNDER,RHB,RIGHT ARM Off Spin,104,116,65,212,"CSK,RPS,PBKS,DC,RR",RR,15,Capped,200
21,4,AL1,Venkatesh,Iyer,India,MPCA,25/12/1994,30,ALL-ROUNDER,LHB,RIGHT ARM Medium,,2,9,51,KKR,KKR,15,Capped,200
22,4,AL1,Mitchell,Marsh,Australia,,20/10/1991,33,ALL-ROUNDER,RHB,RIGHT ARM Fast,42,93,65,42,"DCH,PWI,RPS,SRH,DC",DC,4,Capped,200
23,4,AL1,Glenn,Maxwell,Australia,,14/10/1988,36,ALL-ROUNDER,RHB,RIGHT ARM Off Spin,7,142,113,134,"DC,MI,PBKS,RCB",RCB,10,Capped,200
24,4,AL1,Harshal,Patel,India,HCA,23/11/1990,34,ALL-ROUNDER,RHB,RIGHT ARM Fast Medium,,,25,106,"DC,RCB,PBKS",PBKS,14,Capped,200
25,4,AL1,Rachin,Ravindra,New Zealand,,18/11/1999,25,ALL-ROUNDER,LHB,LEFT ARM Slow Orthodox,11,25,23,10,CSK,CSK,10,Capped,150
26,4,AL1,Marcus,Stoinis,Australia,,16/08/1989,35,ALL-ROUNDER,RHB,RIGHT ARM Fast,,70,71,96,"PBKS,RCB,DC,LSG",LSG,14,Capped,200
27,5,WK1,Jonny,Bairstow,England,,26/09/1989,35,WICKETKEEPER,RHB,RIGHT ARM Medium,100,107,80,50,"SRH,PBKS",PBKS,11,Capped,200
28,5,WK1,Quinton,De Kock,South Africa,,17/12/1992,32,WICKETKEEPER,LHB,,54,155,92,107,"SRH,DC,RCB,MI,LSG",LSG,11,Capped,200
29,5,WK1,Rahmanullah,Gurbaz,Afghanistan,,28/11/2001,23,WICKETKEEPER,RHB,,1,43,63,14,"GT, KKR",KKR,3,Capped,200
30,5,WK1,Ishan,Kishan,India,JSCA,18/07/1998,26,WICKETKEEPER,LHB,,2,27,32,104,"GL,MI",MI,14,Capped,200
31,5,WK1,Phil,Salt,England,,28/08/1996,28,WICKETKEEPER,RHB,,,25,33,21,"DC,KKR",KKR,12,Capped,200
32,5,WK1,Jitesh,Sharma,India,VCA,22/10/1993,31,WICKETKEEPER,RHB,,,,9,40,"MI,PBKS",PBKS,14,Capped,100
33,6,FA1,Syed Khaleel,Ahmed,India,RCA,05/12/1997,27,BOWLER,RHB,LEFT ARM Fast Medium,,11,18,57,"SRH,DC",DC,14,Capped,200
34,6,FA1,Trent,Boult,New Zealand,,22/07/1989,35,BOWLER,RHB,LEFT ARM Fast Medium,78,114,61,104,"SRH,DC,MI,RR",RR,16,Capped,200
35,6,FA1,Josh,Hazlewood,Australia,,08/01/1991,34,BOWLER,LHB,RIGHT ARM Fast Medium,70,90,52,27,"CSK,RCB",,,Capped,200
36,6,FA1,Avesh,Khan,India,MPCA,13/12/1996,28,BOWLER,RHB,RIGHT ARM Fast,,8,23,63,"RCB,DC,LSG,RR",RR,16,Capped,200
37,6,FA1,Prasidh,Krishna,India,KSCA,19/02/1996,29,BOWLER,RHB,RIGHT ARM Fast,2,17,5,51,"KKR,RR",RR,0,Capped,200
38,6,FA1,T.,Natarajan,India,TNCA,27/05/1991,33,BOWLER,LHB,LEFT ARM Fast Medium,1,2,4,61,"PBKS,SRH",SRH,14,Capped,200
39,6,FA1,Anrich,Nortje,South Africa,,16/11/1993,31,BOWLER,RHB,RIGHT ARM Fast,19,22,42,46,DC,DC,6,Capped,200
40,7,SP1,Noor,Ahmad,Afghanistan,,03/01/2005,20,BOWLER,RHB,LEFT ARM Slow Unorthodox,,10,14,23,GT,GT,10,Capped,200
41,7,SP1,Rahul,Chahar,India,RCA,04/08/1999,25,BOWLER,RHB,RIGHT ARM Leg Spin,,1,6,78,"RPS,MI,PBKS",PBKS,9,Capped,100
42,7,SP1,Wanindu,Hasaranga,Sri Lanka,,29/07/1997,27,BOWLER,RHB,RIGHT ARM Leg Spin,4,58,74,26,"RCB,SRH",SRH,0,Capped,200
43,7,SP1,Waqar,Salamkheil,Afghanistan,,02/10/2001,23,BOWLER,RHB,LEFT ARM Slow Unorthodox,1,,,,,,,Capped,75
44,7,SP1,Maheesh,Theekshana,Sri Lanka,,01/08/2000,24,BOWLER,RHB,RIGHT ARM Off Spin,2,43,55,27,CSK,CSK,5,Capped,200
45,7,SP1,Adam,Zampa,Australia,,31/12/1992,32,BOWLER,RHB,RIGHT ARM Leg Spin,103,,92,20,"RPS,RCB,RR",RR,0,Capped,200
46,8,UBA1,Yash,Dhull,India,DDCA,11/11/2002,22,BATTER,RHB,,,,,4,DC,DC,0,Uncapped,30
47,8,UBA1,Abhinav,Manohar,India,KSCA,16/09/1994,30,BATTER,RHB,RIGHT ARM Leg Spin,,,,18,GT,GT,2,Uncapped,30
48,8,UBA1,Karun,Nair,India,VCA,06/12/1991,33,BATTER,RHB,RIGHT ARM Off Spin,,,,76,"RCB,RR,DD,PBKS,LSG",,,Uncapped,30
49,8,UBA1,Angkrish,Raghuvanshi,India,MCA,05/06/2004,20,BATTER,RHB,RIGHT ARM Off Spin,,,,10,KKR,KKR,10,Uncapped,30
50,8,UBA1,Anmolpreet,Singh,India,PCA,28/03/1998,27,BATTER,RHB,RIGHT ARM Off Spin,,,,9,"MI,SRH",SRH,2,Uncapped,30
51,8,UBA1,Atharva,Taide,India,VCA,26/04/2000,24,BATTER,LHB,LEFT ARM Slow Orthodox,,,,9,PBKS,PBKS,2,Uncapped,30
52,8,UBA1,Nehal,Wadhera,India,PCA,04/09/2000,24,BATTER,LHB,RIGHT ARM Leg Spin,,,,20,MI,MI,6,Uncapped,30
53,9,UAL1,Harpreet,Brar,India,PCA,16/09/1995,29,ALL-ROUNDER,LHB,LEFT ARM Slow Orthodox,,,,41,PBKS,PBKS,13,Uncapped,30
54,9,UAL1,Naman,Dhir,India,PCA,31/12/1999,25,ALL-ROUNDER,RHB,RIGHT ARM Off Spin,,,,7,MI,MI,7,Uncapped,30
55,9,UAL1,Mahipal,Lomror,India,RCA,16/11/1999,25,ALL-ROUNDER,LHB,LEFT ARM Slow Orthodox,,,,40,"RR,RCB",RCB,10,Uncapped,50
56,9,UAL1,Sameer,Rizvi,India,UPCA,06/12/2003,21,ALL-ROUNDER,RHB,RIGHT ARM Leg Spin,,,,9,CSK,CSK,9,Uncapped,30
57,9,UAL1,Abdul,Samad,India,JKCA,28/10/2001,23,ALL-ROUNDER,RHB,RIGHT ARM Leg Spin,,,,50,SRH,SRH,16,Uncapped,30
58,9,UAL1,Vijay,Shankar,India,TNCA,26/01/1991,34,ALL-ROUNDER,RHB,RIGHT ARM Medium,,,,72,"CSK,DC,SRH,GT",GT,7,Uncapped,30
59,9,UAL1,Ashutosh,Sharma,India,RSPB,15/09/1998,26,ALL-ROUNDER,RHB,RIGHT ARM Medium,,,,11,PBKS,PBKS,11,Uncapped,30
60,9,UAL1,Nishant,Sindhu,India,HCA,09/04/2004,20,ALL-ROUNDER,LHB,LEFT ARM Slow Orthodox,,,,0,CSK,CSK,0,Uncapped,30
61,9,UAL1,Utkarsh,Singh,India,JSCA,07/05/1998,26,ALL-ROUNDER,LHB,RIGHT ARM Off Spin,,,,0,PBKS,,,Uncapped,30
62,10,UWK1,Aryan,Juyal,India,UPCA,11/11/2001,23,WICKETKEEPER,RHB,RIGHT ARM Off Spin,,,,0,MI,,,Uncapped,30
63,10,UWK1,Kumar,Kushagra,India,JSCA,23/10/2004,20,WICKETKEEPER,RHB,,,,,0,GT,GT,0,Uncapped,30
64,10,UWK1,Robin,Minz,India,JSCA,13/09/2002,22,WICKETKEEPER,LHB,RIGHT ARM Off Spin,,,,0,GT,GT,0,Uncapped,30
65,10,UWK1,Anuj,Rawat,India,DDCA,17/10/1999,25,WICKETKEEPER,LHB,RIGHT ARM Leg Spin,,,,24,"RR,RCB",RCB,5,Uncapped,30
66,10,UWK1,Luvnith,Sisodia,India,KSCA,15/01/2000,25,WICKETKEEPER,LHB,,,,,0,RCB,,,Uncapped,30
67,10,UWK1,Vishnu,Vinod,India,KCA,02/12/1993,31,WICKETKEEPER,RHB,,,,,6,"RCB,DC,SRH,MI",MI,0,Uncapped,30
68,10,UWK1,Upendra Singh,Yadav,India,RSPB,08/10/1996,28,WICKETKEEPER,RHB,,,,,0,SRH,SRH,0,Uncapped,30
69,11,UFA1,Vaibhav,Arora,India,HPCA,14/12/1997,27,BOWLER,RHB,RIGHT ARM Fast Medium,,,,20,"PBKS,KKR",KKR,10,Uncapped,30
70,11,UFA1,Rasikh,Dar,India,JKCA,05/04/2000,25,BOWLER,RHB,RIGHT ARM Fast Medium,,,,11,"MI,,KKR,DC",DC,8,Uncapped,30
71,11,UFA1,Akash,Madhwal,India,CAU,25/11/1993,31,BOWLER,RHB,RIGHT ARM Fast,,,,12,MI,MI,5,Uncapped,30
72,11,UFA1,Mohit,Sharma,India,HCA,18/09/1988,36,BOWLER,RHB,RIGHT ARM Fast,,,,111,"CSK,PBKS,DC,GT",GT,12,Uncapped,50
73,11,UFA1,Simarjeet,Singh,India,DDCA,17/01/1998,27,BOWLER,RHB,RIGHT ARM Fast,,,,10,CSK,CSK,4,Uncapped,30
74,11,UFA1,Yash,Thakur,India,VCA,28/12/1998,26,BOWLER,RHB,RIGHT ARM Fast Medium,,,,19,LSG,LSG,10,Uncapped,30
75,11,UFA1,Kartik,Tyagi,India,UPCA,08/11/2000,24,BOWLER,RHB,RIGHT ARM Fast,,,,20,"RR,SRH,GT",GT,1,Uncapped,40
76,11,UFA1,Vyshak,Vijaykumar,India,KSCA,31/01/1997,28,BOWLER,RHB,RIGHT ARM Fast Medium,,,,11,RCB,RCB,4,Uncapped,30
77,12,USP1,Piyush,Chawla,India,UPCA,24/12/1988,36,BOWLER,LHB,RIGHT ARM Leg Spin,,,,192,"PBKS,KKR,CSK,MI",MI,11,Uncapped,50
78,12,USP1,Shreyas,Gopal,India,KSCA,04/09/1993,31,BOWLER,RHB,RIGHT ARM Leg Spin,,,,52,"RR,SRH,MI",MI,3,Uncapped,30
79,12,USP1,Mayank,Markande,India,PCA,11/11/1997,27,BOWLER,RHB,RIGHT ARM Leg Spin,,,,37,"MI,RR,SRH",SRH,7,Uncapped,30
80,12,USP1,Suyash,Sharma,India,DDCA,15/05/2003,21,BOWLER,RHB,RIGHT ARM Leg Spin,,,,13,KKR,KKR,2,Uncapped,30
81,12,USP1,Karn,Sharma,India,RSPB,23/10/1987,37,BOWLER,LHB,RIGHT ARM Leg Spin,,,,84,"SRH,MI,CSK,RCB",RCB,9,Uncapped,50
82,12,USP1,Kumar Kartikeya,Singh,India,MPCA,26/12/1997,27,BOWLER,RHB,LEFT ARM Slow Orthodox,,,,12,MI,MI,0,Uncapped,30
83,12,USP1,Manav,Suthar,India,RCA,03/08/2002,22,BOWLER,LHB,LEFT ARM Slow Orthodox,,,,0,GT,GT,0,Uncapped,30
84,13,BA2,Mayank,Agarawal,India,KSCA,16/02/1991,34,BATTER,RHB,RIGHT ARM Off Spin,21,,5,127,"RCB,DC,RPS,PBKS,SRH",SRH,4,Capped,100
85,13,BA2,Faf,Du Plessis,South Africa,,13/07/1984,40,BATTER,RHB,,69,143,50,145,"CSK,RPS,RCB",RCB,15,Capped,200
86,13,BA2,Glenn,Phillips,New Zealand,,06/12/1996,28,BATTER,RHB,RIGHT ARM Off Spin,11,30,78,8,"RR,SRH",SRH,0,Capped,200
87,13,BA2,Rovman,Powell,West Indies,,23/07/1993,31,BATTER,RHB,RIGHT ARM Fast Medium,,51,83,27,"KKR,DC,RR",RR,10,Capped,150
88,13,BA2,Ajinkya,Rahane,India,MCA,06/06/1988,36,BATTER,RHB,,85,90,20,185,"MI,RPS,RR,DC,KKR,SRH",CSK,13,Capped,150
89,13,BA2,Prithvi,Shaw,India,MCA,09/11/1999,25,BATTER,RHB,,5,6,1,79,DC,DC,8,Capped,75
90,13,BA2,Kane,Williamson,New Zealand,,08/08/1990,34,BATTER,RHB,,102,165,93,79,"SRH,GT",GT,2,Capped,200
91,14,AL2,Sam,Curran,England,,03/06/1998,26,ALL-ROUNDER,LHB,LEFT ARM Fast Medium,24,33,53,59,"CSK,PBKS",PBKS,13,Capped,200
92,14,AL2,Marco,Jansen,South Africa,,01/05/2000,24,ALL-ROUNDER,RHB,LEFT ARM Fast,13,23,13,21,"MI,SRH",SRH,3,Capped,125
93,14,AL2,Daryl,Mitchell,New Zealand,,20/05/1991,33,ALL-ROUNDER,RHB,RIGHT ARM Medium,27,39,67,15,"RR,CSK",CSK,12,Capped,200
94,14,AL2,Krunal,Pandya,India,BCA,24/03/1991,34,ALL-ROUNDER,LHB,LEFT ARM Slow Orthodox,,5,9,127,"MI,LSG",LSG,14,Capped,200
95,14,AL2,Nitish,Rana,India,UPCA,27/12/1993,31,ALL-ROUNDER,LHB,RIGHT ARM Off Spin,,1,2,107,"MI,KKR",KKR,2,Capped,150
96,14,AL2,Washington,Sundar,India,TNCA,05/10/1999,25,ALL-ROUNDER,LHB,RIGHT ARM Off Spin,6,22,52,61,"RPS,RCB,SRH",SRH,2,Capped,200
97,14,AL2,Shardul,Thakur,India,MCA,16/10/1991,33,ALL-ROUNDER,RHB,RIGHT ARM Fast Medium,11,47,25,95,"PBKS,RPS,DC,KKR,CSK",CSK,9,Capped,200
98,15,WK2,K.S,Bharat,India,ACA,03/10/1993,31,WICKETKEEPER,RHB,,7,,,11,"RCB,DC,GT,KKR",KKR,0,Capped,75
99,15,WK2,Alex,Carey,Australia,,27/08/1991,33,WICKETKEEPER,LHB,,32,76,38,3,DC,,,Capped,100
100,15,WK2,Donovan,Ferreira,South Africa,,21/07/1998,26,WICKETKEEPER,RHB,RIGHT ARM Off Spin,,,4,2,RR,RR,2,Capped,75
101,15,WK2,Shai,Hope,West Indies,,10/11/1993,31,WICKETKEEPER,RHB,,38,128,36,9,DC,DC,9,Capped,125
102,15,WK2,Josh,Inglis,Australia,,04/03/1995,30,WICKETKEEPER,RHB,,,23,26,,,,,Capped,200
103,15,WK2,Ryan,Rickelton,South Africa,,11/07/1996,28,WICKETKEEPER,LHB,,7,5,8,,,,,Capped,100
104,16,FA2,Deepak,Chahar,India,RCA,07/08/1992,32,BOWLER,RHB,RIGHT ARM Fast Medium,,13,25,81,"RPS,CSK",CSK,8,Capped,200
105,16,FA2,Gerald,Coetzee,South Africa,,02/10/2000,24,BOWLER,RHB,RIGHT ARM Fast,3,14,6,10,MI,Mi,10,Capped,125
106,16,FA2,Akash,Deep,India,CAB,15/12/1996,28,BOWLER,RHB,RIGHT ARM Fast,4,,,8,RCB,RCB,1,Capped,100
107,16,FA2,Tushar,Deshpande,India,MCA,15/05/1995,29,BOWLER,LHB,RIGHT ARM Fast,,,2,36,"DC,CSK",CSK,13,Capped,100
108,16,FA2,Lockie,Ferguson,New Zealand,,13/06/1991,33,BOWLER,RHB,RIGHT ARM Fast,1,65,42,45,"RPS,GT,KKR,RCB",RCB,7,Capped,200
109,16,FA2,Bhuvneshwar,Kumar,India,UPCA,05/02/1990,35,BOWLER,RHB,RIGHT ARM Fast Medium,21,121,87,176,"PWI,SRH",SRH,16,Capped,200
110,16,FA2,Mukesh,Kumar,India,CAB,12/10/1993,31,BOWLER,RHB,RIGHT ARM Fast Medium,3,6,17,20,DC,DC,10,Capped,200
111,17,SP2,Allah,Ghazanfar,Afghanistan,,20/03/2006,19,BOWLER,RHB,RIGHT ARM Off Spin,,5,0,0,KKR,KKR,0,Capped,75
112,17,SP2,Akeal,Hosein,West Indies,,25/04/1993,31,BOWLER,LHB,LEFT ARM Slow Orthodox,,38,60,1,SRH,,,Capped,150
113,17,SP2,Keshav,Maharaj,South Africa,,07/02/1990,35,BOWLER,RHB,LEFT ARM Slow Orthodox,54,44,35,2,RR,RR,2,Capped,75
114,17,SP2,Mujeeb Ur,Rahman,Afghanistan,,28/03/2001,24,BOWLER,RHB,RIGHT ARM Off Spin,1,75,46,19,"PBKS,SRH,KKR",,,Capped,200
115,17,SP2,Adil,Rashid,England,,17/02/1988,37,BOWLER,RHB,RIGHT ARM Leg Spin,19,141,116,3,"PBKS,SRH",,,Capped,200
116,17,SP2,Vijayakanth,Viyaskanth,Sri Lanka,,05/12/2001,23,BOWLER,RHB,RIGHT ARM Leg Spin,,,1,3,SRH,SRH,3,Capped,75
117,18,UBA2,Ricky,Bhui,India,ACA,29/09/1996,28,BATTER,RHB,,,,,4,"SRH,DC",DC,2,Uncapped,30
118,18,UBA2,Swastik,Chhikara,India,UPCA,03/04/2005,20,BATTER,RHB,RIGHT ARM Off Spin,,,,0,DC,DC,0,Uncapped,30
119,18,UBA2,Aarya,Desai,India,GUCA,03/04/2003,22,BATTER,LHB,RIGHT ARM Off Spin,,,,0,KKR,,,Uncapped,30
120,18,UBA2,Shubham,Dubey,India,VCA,27/08/1994,30,BATTER,LHB,RIGHT ARM Off Spin,,,,4,RR,RR,0,Uncapped,30
121,18,UBA2,Madhav,Kaushik,India,UPCA,03/01/1998,27,BATTER,RHB,RIGHT ARM Off Spin,,,,,,,,Uncapped,30
122,18,UBA2,Pukhraj,Mann,India,PCA,07/06/2001,23,BATTER,LHB,RIGHT ARM Off Spin,,,,,,,,Uncapped,30
123,18,UBA2,Shaik,Rasheed,India,ACA,24/09/2004,20,BATTER,RHB,RIGHT ARM Leg Spin,,,,0,CSK,CSK,0,Uncapped,30
124,18,UBA2,Himmat,Singh,India,DDCA,08/11/1996,28,BATTER,RHB,RIGHT ARM Off Spin,,,,0,RCB,,,Uncapped,30
125,19,UAL2,Mayank,Dagar,India,HPCA,11/11/1996,28,ALL-ROUNDER,RHB,LEFT ARM Slow Orthodox,,,,8,"PBKS,SRH,RCB",RCB,5,Uncapped,30
126,19,UAL2,Anshul,Kamboj,India,HCA,06/12/2000,24,ALL-ROUNDER,RHB,RIGHT ARM Fast Medium,,,,3,MI,MI,3,Uncapped,30
127,19,UAL2,Mohd. Arshad,Khan,India,MPCA,20/12/1997,27,ALL-ROUNDER,LHB,LEFT ARM Fast Medium,,,,10,"MI,LSG",LSG,4,Uncapped,30
128,19,UAL2,Darshan,Nalkande,India,VCA,04/10/1998,26,ALL-ROUNDER,RHB,RIGHT ARM Fast Medium,,,,5,"PBKS,GT",GT,3,Uncapped,30
129,19,UAL2,Suyash,Prabhudessai,India,GCA,06/12/1997,27,ALL-ROUNDER,RHB,RIGHT ARM Fast,,,,1,RCB,RCB,11,Uncapped,30
130,19,UAL2,Anukul,Roy,India,JSCA,30/11/1998,26,ALL-ROUNDER,LHB,LEFT ARM Slow Orthodox,,,,11,"MI,KKR",KKR,4,Uncapped,30
131,19,UAL2,Swapnil,Singh,India,CAU,22/01/1991,34,ALL-ROUNDER,RHB,LEFT ARM Slow Orthodox,,,,14,"PBKS,LSG,RCB",PBKS,7,Uncapped,30
132,19,UAL2,Sanvir,Singh,India,PCA,12/10/1996,28,ALL-ROUNDER,RHB,RIGHT ARM Fast,,,,6,SRH,SRH,4,Uncapped,30
133,20,UWK2,Avanish,Aravelly,India,HYCA,02/06/2005,19,WICKETKEEPER,LHB,RIGHT ARM Off Spin,,,,0,,CSK,0,Uncapped,30
134,20,UWK2,Vansh,Bedi,India,DDCA,23/12/2002,22,WICKETKEEPER,RHB,,,,,,,,,Uncapped,30
135,20,UWK2,Saurav,Chauhan,India,GUCA,27/05/2000,24,WICKETKEEPER,LHB,RIGHT ARM Off Spin,,,,3,RCB,RCB,3,Uncapped,30
136,20,UWK2,Harvik,Desai,India,SCA,04/10/1999,25,WICKETKEEPER,RHB,,,,,0,MI,MI,0,Uncapped,30
137,20,UWK2,Tom,Kohler-Cadmore,England,,19/08/1994,30,WICKETKEEPER,RHB,,,,,4,RR,RR,4,Uncapped,50
138,20,UWK2,Kunal,Rathore,India,RCA,09/10/2002,22,WICKETKEEPER,LHB,RIGHT ARM Off Spin,,,,0,RR,RR,0,Uncapped,30
139,20,UWK2,B.R,Sharath,India,KSCA,28/09/1996,28,WICKETKEEPER,RHB,,,,,1,GT,GT,1,Uncapped,30
140,21,UFA2,Gurnoor Singh,Brar,India,PCA,25/05/2000,24,BOWLER,LHB,RIGHT ARM Fast,,,,1,"PBKS,GT",GT,0,Uncapped,30
141,21,UFA2,Mukesh,Choudhary,India,MACA,06/07/1996,28,BOWLER,LHB,LEFT ARM Fast,,,,14,CSK,CSK,1,Uncapped,30
142,21,UFA2,Sakib,Hussain,India,BICA,14/12/2004,20,BOWLER,RHB,RIGHT ARM Fast Medium,,,,0,KKR,KKR,0,Uncapped,30
143,21,UFA2,Vidwath,Kaverappa,India,KSCA,25/02/1999,26,BOWLER,RHB,RIGHT ARM Fast Medium,,,,1,PBKS,PBKS,1,Uncapped,30
144,21,UFA2,Rajan,Kumar,India,CAU,08/07/1996,28,BOWLER,LHB,LEFT ARM Fast,,,,0,RCB,RCB,0,Uncapped,30
145,21,UFA2,Sushant,Mishra,India,JSCA,23/12/2000,24,BOWLER,LHB,LEFT ARM Fast,,,,0,GT,GT,0,Uncapped,30
146,21,UFA2,Arjun,Tendulkar,India,GCA,24/09/1999,25,BOWLER,LHB,LEFT ARM Fast Medium,,,,5,MI,MI,1,Uncapped,30
147,22,USP2,Zeeshan,Ansari,India,UPCA,16/12/1999,25,BOWLER,RHB,RIGHT ARM Leg Spin,,,,,,,,Uncapped,30
148,22,USP2,Prince,Choudhary,India,DDCA,29/09/1999,25,BOWLER,RHB,RIGHT ARM Leg Spin,,,,0,PBKS,PBKS,0,Uncapped,30
149,22,USP2,Himanshu,Sharma,India,RCA,06/06/1998,26,BOWLER,RHB,RIGHT ARM Leg Spin,,,,1,RCB,RCB,1,Uncapped,30
150,22,USP2,M.,Siddharth,India,TNCA,03/07/1998,26,BOWLER,RHB,LEFT ARM Slow Orthodox,,,,3,"KKR,DC,LSG",LSG,3,Uncapped,30
151,22,USP2,Digvesh,Singh,India,DDCA,15/12/1999,25,BOWLER,RHB,RIGHT ARM Leg Spin,,,,,,,,Uncapped,30
152,22,USP2,Prashant,Solanki,India,MACA,22/02/2000,25,BOWLER,RHB,RIGHT ARM Leg Spin,,,,2,CSK,CSK,0,Uncapped,30
153,22,USP2,Jhathavedh,Subramanyan,India,TNCA,16/09/1999,25,BOWLER,RHB,RIGHT ARM Leg Spin,,,,0,SRH,SRH,0,Uncapped,30
154,23,BA3,Finn,Allen,New Zealand,,22/04/1999,25,BATTER,RHB,,,22,47,0,RCB,,,Capped,200
155,23,BA3,Dewald,Brevis,South Africa,,29/04/2003,21,BATTER,RHB,RIGHT ARM Leg Spin,,,2,10,MI,MI,3,Capped,75
156,23,BA3,Ben,Duckett,England,,17/10/1994,30,BATTER,LHB,,29,16,12,,,,,Capped,200
157,23,BA3,Manish,Pandey,India,KSCA,10/09/1989,35,BATTER,RHB,,,29,39,171,"MI,RCB,PWI, SRH, LSG,DC,KKR",KKR,1,Capped,75
158,23,BA3,Rilee,Rossouw,South Africa,,09/10/1989,35,BATTER,LHB,,,36,29,22,"RCB,DC,PBKS",PBKS,8,Capped,200
159,23,BA3,Sherfane,Rutherford,West Indies,,15/08/1998,26,BATTER,LHB,RIGHT ARM Fast Medium,,8,24,10,"DC,MI,RR,RCB,KKR",KKR,0,Capped,150
160,23,BA3,Ashton,Turner,Australia,,25/01/1993,32,BATTER,RHB,RIGHT ARM Off Spin,,9,19,6,"RR,LSG",LSG,2,Capped,100
161,23,BA3,James,Vince,England,,14/03/1991,34,BATTER,RHB,,13,25,17,,,,,Capped,200
162,24,AL3,Shahbaz,Ahamad,India,CAB,11/12/1994,30,ALL-ROUNDER,LHB,LEFT ARM Slow Orthodox,,3,2,55,"RCB,SRH",SRH,16,Capped,100
163,24,AL3,Moeen,Ali,England,,18/06/1987,37,ALL-ROUNDER,LHB,RIGHT ARM Off Spin,68,138,92,67,"RCB,CSK",CSK,8,Capped,200
164,24,AL3,Tim,David,Australia,,16/03/1996,29,ALL-ROUNDER,RHB,RIGHT ARM Off Spin,,4,51,38,"RCB,MI",MI,13,Capped,200
165,24,AL3,Deepak,Hooda,India,RCA,19/04/1995,29,ALL-ROUNDER,RHB,RIGHT ARM Off Spin,,10,21,118,"RR,SRH,PBKS,LSG",LSG,11,Capped,75
166,24,AL3,Will,Jacks,England,,21/11/1998,26,ALL-ROUNDER,RHB,RIGHT ARM Off Spin,2,13,18,8,RCB,RCB,8,Capped,200
167,24,AL3,Azmatullah,Omarzai,Afghanistan,,24/03/2000,25,ALL-ROUNDER,RHB,RIGHT ARM Fast Medium,,30,44,7,GT,GT,7,Capped,150
168,24,AL3,R.,Sai Kishore,India,TNCA,06/11/1996,28,ALL-ROUNDER,LHB,LEFT ARM Slow Unorthodox,,,3,10,"CSK,GT",GT,5,Capped,75
169,24,AL3,Romario,Shepherd,West Indies,,26/11/1994,30,ALL-ROUNDER,RHB,RIGHT ARM Fast,,33,46,10,"SRH,LSG,MI",MI,6,Capped,150
170,25,WK3,Tom,Banton,England,,11/11/1998,26,WICKETKEEPER,RHB,RIGHT ARM Off Spin,,6,14,2,KKR,,,Capped,200
171,25,WK3,Sam,Billings,England,,15/06/1991,33,WICKETKEEPER,RHB,,3,28,37,30,"CSK,DC,KKR",,,Capped,150
172,25,WK3,Jordan,Cox,England,,21/10/2000,24,WICKETKEEPER,RHB,,,2,2,,,,,Capped,125
173,25,WK3,Ben,McDermott,Australia,,12/12/1994,30,WICKETKEEPER,RHB,RIGHT ARM Off Spin,,5,25,,,,,Capped,75
174,25,WK3,Kusal,Mendis,Sri Lanka,,02/02/1995,30,WICKETKEEPER,RHB,RIGHT ARM Leg Spin,67,134,73,,,,,Capped,75
175,25,WK3,Kusal,Perera,Sri Lanka,,17/08/1990,34,WICKETKEEPER,LHB,,22,116,72,2,RR,,,Capped,75
176,25,WK3,Josh,Philippe,Australia,,01/06/1997,27,WICKETKEEPER,RHB,,,3,12,5,RCB,,,Capped,75
177,25,WK3,Tim,Seifert,New Zealand,,14/12/1994,30,WICKETKEEPER,RHB,,,3,61,3,"KKR,DC",,,Capped,125
178,26,FA3,Nandre,Burger,South Africa,,11/08/1995,29,BOWLER,LHB,LEFT ARM Fast,3,5,2,6,RR,RR,6,Capped,125
179,26,FA3,Spencer,Johnson,Australia,,16/12/1995,29,BOWLER,LHB,LEFT ARM Fast,,1,5,5,GT,GT,5,Capped,200
180,26,FA3,Umran,Malik,India,JKCA,22/11/1999,25,BOWLER,RHB,RIGHT ARM Fast,,10,8,26,SRH,SRH,1,Capped,75
181,26,FA3,Mustafizur,Rahman,Bangladesh,,06/09/1995,29,BOWLER,LHB,LEFT ARM Fast,15,104,106,57,"SRH,MI,RR,DC,CSK",CSK,9,Capped,200
182,26,FA3,Ishant,Sharma,India,DDCA,02/09/1988,36,BOWLER,RHB,RIGHT ARM Fast,105,80,14,109,"KKR,DCH,SRH,RPS,PBKS,DC",DC,9,Capped,75
183,26,FA3,Nuwan,Thushara,Sri Lanka,,06/08/1994,30,BOWLER,RHB,RIGHT ARM Fast,,,13,7,MI,MI,7,Capped,75
184,26,FA3,Naveen,Ul Haq,Afghanistan,,23/09/1999,25,BOWLER,RHB,RIGHT ARM Medium,,14,45,18,LSG,LSG,10,Capped,200
185,26,FA3,Jaydev,Unadkat,India,SCA,18/10/1991,33,BOWLER,RHB,LEFT ARM Fast Medium,4,8,10,105,"RCB,DC,KKR,RPS,RR,MI,LSG,SRH",SRH,11,Capped,100
186,26,FA3,Umesh,Yadav,India,VCA,25/10/1987,37,BOWLER,RHB,RIGHT ARM Fast Medium,57,75,9,148,"RCB,DC,KKR,GT",GT,7,Capped,200
187,27,SP3,Rishad,Hossain,Bangladesh,,15/07/2002,22,BOWLER,RHB,RIGHT ARM Leg Spin,,3,27,,,,,Capped,75
188,27,SP3,Zahir Khan,Pakten,Afghanistan,,20/12/1998,26,BOWLER,LHB,LEFT ARM Slow Unorthodox,5,1,4,0,RR,,,Capped,75
189,27,SP3,Nqabayomzi,Peter,South Africa,,09/12/2001,23,BOWLER,RHB,RIGHT ARM Leg Spin,,2,6,,,,,Capped,75
190,27,SP3,Tanveer,Sangha,Australia,,26/11/2001,23,BOWLER,RHB,RIGHT ARM Leg Spin,,2,7,,,,,Capped,75
191,27,SP3,Tabraiz,Shamsi,South Africa,,18/02/1990,35,BOWLER,RHB,LEFT ARM Slow Unorthodox,2,51,70,5,"RCB,RR",,,Capped,200
192,27,SP3,Jeffery,Vandersay,Sri Lanka,,05/02/1990,35,BOWLER,RHB,RIGHT ARM Leg Spin,1,25,14,,,,,Capped,75
193,28,UBA3,Sachin,Baby,India,KCA,18/12/1988,36,BATTER,LHB,RIGHT ARM Off Spin,,,,19,"RR,SRH,RCB",,,Uncapped,30
194,28,UBA3,Priyam,Garg,India,UPCA,30/11/2000,24,BATTER,RHB,,,,,23,"SRH,DC",,,Uncapped,30
195,28,UBA3,Harnoor,Pannu,India,PCA,30/01/2003,22,BATTER,LHB,RIGHT ARM Leg Spin,,,,,,,,Uncapped,30
196,28,UBA3,Smaran,Ravichandran,India,KSCA,05/05/2003,21,BATTER,LHB,RIGHT ARM Off Spin,,,,,,,,Uncapped,30
197,28,UBA3,Shashwat,Rawat,India,BCA,06/04/2001,24,BATTER,RHB,RIGHT ARM Medium,,,,,,,,Uncapped,30
198,28,UBA3,Andre,Siddarth,India,TNCA,28/08/2006,18,BATTER,RHB,,,,,,,,,Uncapped,30
199,28,UBA3,Avneesh,Sudha,India,CAU,20/11/2001,23,BATTER,RHB,RIGHT ARM Off Spin,,,,,,,,Uncapped,30
200,28,UBA3,Apoorv,Wankhade,India,VCA,14/03/1992,33,BATTER,RHB,,,,,0,KKR,,,Uncapped,30
201,29,UAL3,Yudhvir,Charak,India,JKCA,13/09/1997,27,ALL-ROUNDER,RHB,RIGHT ARM Fast Medium,,,,5,"MI,LSG",LSG,2,Uncapped,30
202,29,UAL3,Rishi,Dhawan,India,HPCA,19/02/1990,35,ALL-ROUNDER,RHB,RIGHT ARM Fast Medium,,,,39,"MI,KKR,PBKS",PBKS,1,Uncapped,30
203,29,UAL3,Rajvardhan,Hangargekar,India,MACA,10/11/2002,22,ALL-ROUNDER,RHB,RIGHT ARM Fast Medium,,,,2,CSK,CSK,0,Uncapped,30
204,29,UAL3,Tanush,Kotian,India,MCA,16/10/1998,26,ALL-ROUNDER,RHB,RIGHT ARM Off Spin,,,,1,RR,RR,1,Uncapped,30
205,29,UAL3,Arshin,Kulkarni,India,MACA,15/02/2005,20,ALL-ROUNDER,RHB,RIGHT ARM Fast Medium,,,,2,LSG,LSG,2,Uncapped,30
206,29,UAL3,Shams,Mulani,India,MCA,13/03/1997,28,ALL-ROUNDER,LHB,LEFT ARM Slow Orthodox,,,,2,MI,MI,2,Uncapped,30
207,29,UAL3,Shivam,Singh,India,TNCA,25/11/1995,29,ALL-ROUNDER,RHB,RIGHT ARM Off Spin,,,,1,PBKS,PBKS,1,Uncapped,30
208,29,UAL3,Lalit,Yadav,India,DDCA,03/01/1997,28,ALL-ROUNDER,RHB,RIGHT ARM Off Spin,,,,27,DC,DC,2,Uncapped,30
209,30,UWK3,Mohammed,Azharuddeen,India,KCA,22/03/1994,31,WICKETKEEPER,RHB,,,,,0,RCB,,,Uncapped,30
210,30,UWK3,L.R,Chethan,India,KSCA,25/05/2000,24,WICKETKEEPER,RHB,RIGHT ARM Off Spin,,,,,,,,Uncapped,30
211,30,UWK3,Aryaman Singh,Dhaliwal,India,PCA,30/04/2002,22,WICKETKEEPER,RHB,LEFT ARM Slow Orthodox,,,,,,,,Uncapped,30
212,30,UWK3,Urvil,Patel,India,GUCA,17/10/1998,26,WICKETKEEPER,RHB,,,,,0,GT,,,Uncapped,30
213,30,UWK3,Sanskar,Rawat,India,CAU,14/06/2005,19,WICKETKEEPER,LHB,,,,,,,,,Uncapped,30
214,30,UWK3,Bipin,Saurabh,India,BICA,20/11/1999,25,WICKETKEEPER,RHB,RIGHT ARM Off Spin,,,,,,,,Uncapped,30
215,30,UWK3,Tanay,Thyagarajann,India,HYCA,15/11/1995,29,WICKETKEEPER,LHB,LEFT ARM Slow Orthodox,,,,,,,,Uncapped,30
216,31,UFA3,Money,Grewal,India,DDCA,04/10/2000,24,BOWLER,RHB,RIGHT ARM Fast,,,,,,,,Uncapped,30
217,31,UFA3,Ashwani,Kumar,India,PCA,29/08/2001,23,BOWLER,LHB,LEFT ARM Fast,,,,,,,,Uncapped,30
218,31,UFA3,Ishan,Porel,India,CAB,05/09/1998,26,BOWLER,RHB,RIGHT ARM Fast Medium,,,,,,,,Uncapped,30
219,31,UFA3,Abhilash,Shetty,India,KSCA,06/06/1998,26,BOWLER,LHB,LEFT ARM Fast Medium,,,,,,,,Uncapped,30
220,31,UFA3,Akash,Singh,India,BCA,26/04/2002,22,BOWLER,RHB,LEFT ARM Fast,,,,,,,,Uncapped,30
221,31,UFA3,Gurjapneet,Singh,India,TNCA,08/11/1998,26,BOWLER,RHB,LEFT ARM Fast Medium,,,,,,,,Uncapped,30
222,31,UFA3,Basil,Thampi,India,KCA,11/09/1993,31,BOWLER,RHB,RIGHT ARM Fast,,,,25,"GL,SRH,MI",,,Uncapped,30
223,32,USP3,Murugan,Ashwin,India,JKCA,08/09/1990,34,BOWLER,RHB,RIGHT ARM Leg Spin,,,,44,"RPS,DC,RCB,PBKS,MI,RR",,,Uncapped,30
224,32,USP3,Shreyas,Chavan,India,MACA,01/09/2003,21,BOWLER,LHB,RIGHT ARM Leg Spin,,,,,,,,Uncapped,30
225,32,USP3,Chintal,Gandhi,India,BCA,25/08/1994,30,BOWLER,LHB,RIGHT ARM Leg Spin,,,,,,,,Uncapped,30
226,32,USP3,Raghav,Goyal,India,HCA,20/06/2001,23,BOWLER,LHB,LEFT ARM Slow Unorthodox,,,,1,MI,,,Uncapped,30
227,32,USP3,Jagadeesha,Suchith,India,NCA,16/01/1994,31,BOWLER,LHB,LEFT ARM Slow Orthodox,,,,22,"MI,DC,PBKS,SRH",,,Uncapped,30
228,32,USP3,Roshan,Waghsare,India,MACA,07/09/2003,21,BOWLER,RHB,LEFT ARM Slow Unorthodox,,,,,,,,Uncapped,30
229,32,USP3,Bailapudi,Yeswanth,India,ACA,19/03/2005,20,BOWLER,RHB,RIGHT ARM Leg Spin,,,,,,,,Uncapped,30
230,33,BA4,Sediqullah,Atal,Afghanistan,,12/08/2001,23,BATTER,LHB,,,,6,,,,,Capped,75
231,33,BA4,Matthew,Breetzke,South Africa,,03/11/1998,26,BATTER,RHB,,,,8,,,,,Capped,75
232,33,BA4,Mark,Chapman,New Zealand,,27/06/1994,30,BATTER,LHB,LEFT ARM Slow Orthodox,,23,76,,,,,Capped,150
233,33,BA4,Brandon,King,West Indies,,16/12/1994,30,BATTER,RHB,RIGHT ARM Off Spin,,37,58,,,,,Capped,75
234,33,BA4,Evin,Lewis,West Indies,,27/12/1991,33,BATTER,LHB,,,59,56,27,"MI,RR,LSG",,,Capped,200
235,33,BA4,Pathum,Nissanka,Sri Lanka,,18/05/1998,26,BATTER,RHB,RIGHT ARM Off Spin,13,58,57,,,,,Capped,75
236,33,BA4,Bhanuka,Rajapaksa,Sri Lanka,,24/10/1991,33,BATTER,LHB,,,5,40,13,PBKS,,,Capped,75
237,33,BA4,Steve,Smith,Australia,,02/06/1989,35,BATTER,RHB,,109,163,67,103,"PWI,RPS,RR,DC",,,Capped,200
238,34,AL4,Gus,Atkinson,England,,19/01/1998,27,ALL-ROUNDER,RHB,RIGHT ARM Fast,8,9,3,0,KKR,KKR,0,Capped,200
239,34,AL4,Tom,Curran,England,,12/03/1995,30,ALL-ROUNDER,RHB,RIGHT ARM Fast Medium,2,28,30,13,"KKR,RR,DC,RCB",RCB,0,Capped,200
240,34,AL4,Krishnappa,Gowtham,India,KSCA,20/10/1988,36,ALL-ROUNDER,RHB,RIGHT ARM Off Spin,,1,,36,"MI,RR,PBKS,CSK,LSG",LSG,1,Capped,100
241,34,AL4,Mohammad,Nabi,Afghanistan,,01/01/1985,40,ALL-ROUNDER,RHB,RIGHT ARM Off Spin,3,164,129,24,"SRH,MI,KKR",MI,2,Capped,150
242,34,AL4,Gulbadin,Naib,Afghanistan,,04/06/1991,33,ALL-ROUNDER,RHB,RIGHT ARM Fast Medium,,83,73,2,DC,DC,2,Capped,100
243,34,AL4,Sikandar,Raza,Zimbabwe,,24/04/1986,38,ALL-ROUNDER,RHB,RIGHT ARM Off Spin,17,142,96,9,PBKS,PBKS,2,Capped,125
244,34,AL4,Mitchell,Santner,New Zealand,,05/02/1992,33,ALL-ROUNDER,LHB,LEFT ARM Slow Orthodox,29,104,104,18,CSK,CSK,3,Capped,200
245,34,AL4,Jayant,Yadav,India,HCA,22/01/1990,35,ALL-ROUNDER,RHB,RIGHT ARM Off Spin,6,2,,20,"DC,MI,GT",GT,0,Capped,75
246,35,WK4,Johnson,Charles,West Indies,,14/01/1989,36,WICKETKEEPER,RHB,RIGHT ARM Off Spin,,58,57,,,,,Capped,75
247,35,WK4,Litton,Das,Bangladesh,,13/10/1994,30,WICKETKEEPER,RHB,RIGHT ARM Off Spin,46,91,92,1,KKR,,,Capped,75
248,35,WK4,Andre,Fletcher,West Indies,,28/11/1987,37,WICKETKEEPER,RHB,RIGHT ARM Leg Spin,,25,58,,,,,Capped,75
249,35,WK4,Tom,Latham,New Zealand,,02/04/1992,33,WICKETKEEPER,LHB,,84,147,26,,,,,Capped,150
250,35,WK4,Ollie,Pope,England,,02/01/1998,27,WICKETKEEPER,RHB,,52,,,,,,,Capped,75
251,35,WK4,Kyle,Verreynne,South Africa,,12/05/1997,27,WICKETKEEPER,RHB,,20,17,,,,,,Capped,75
252,36,FA4,Fazalhaq,Farooqi,Afghanistan,,22/09/2000,24,BOWLER,RHB,LEFT ARM Fast Medium,,34,42,7,SRH,SRH,0,Capped,200
253,36,FA4,Richard,Gleeson,England,,02/12/1987,37,BOWLER,RHB,RIGHT ARM Fast,,,6,2,CSK,CSK,2,Capped,75
254,36,FA4,Matt,Henry,New Zealand,,14/12/1991,33,BOWLER,RHB,RIGHT ARM Fast Medium,26,82,18,6,"PBKS,LSG",LSG,4,Capped,200
255,36,FA4,Alzarri,Joseph,West Indies,,20/11/1996,28,BOWLER,RHB,RIGHT ARM Fast,35,72,32,22,"MI,GT,RCB",RCB,3,Capped,200
256,36,FA4,Kwena,Maphaka,South Africa,,08/04/2006,18,BOWLER,LHB,LEFT ARM Fast,,,3,2,MI,MI,2,Capped,75
257,36,FA4,Kuldeep,Sen,India,MPCA,22/10/1996,28,BOWLER,RHB,RIGHT ARM Fast,,1,,12,RR,RR,3,Capped,75
258,36,FA4,Reece,Topley,England,,21/02/1994,31,BOWLER,RHB,LEFT ARM Fast,,29,34,5,RCB,RCB,4,Capped,75
259,36,FA4,Lizaad,Williams,South Africa,,01/10/1993,31,BOWLER,LHB,RIGHT ARM Fast,2,7,15,2,DC,DC,2,Capped,75
260,36,FA4,Luke,Wood,England,,02/08/1995,29,BOWLER,LHB,LEFT ARM Fast,,2,5,2,MI,MI,2,Capped,75
261,37,UBA4,Sachin,Dhas,India,MACA,03/02/2005,20,BATTER,RHB,RIGHT ARM Off Spin,,,,,,,,Uncapped,30
262,37,UBA4,Leus,Du Plooy,England,,12/01/1995,30,BATTER,LHB,,,,,,,,,Uncapped,50
263,37,UBA4,Ashwin,Hebbar,India,ACA,15/11/1995,29,BATTER,RHB,RIGHT ARM Medium,,,,0,DC,,,Uncapped,30
264,37,UBA4,Rohan,Kunnummal,India,KCA,10/05/1998,26,BATTER,RHB,RIGHT ARM Off Spin,,,,,,,,Uncapped,30
265,37,UBA4,Ayush,Pandey,India,CSCSCA,19/09/2003,21,BATTER,LHB,RIGHT ARM Off Spin,,,,,,,,Uncapped,30
266,37,UBA4,Akshat,Raghuwanshi,India,MPCA,15/09/2003,21,BATTER,RHB,,,,,,,,,Uncapped,30
267,37,UBA4,Shoun,Roger,India,KCA,16/10/2002,22,BATTER,RHB,RIGHT ARM Off Spin,,,,,,,,Uncapped,40
268,37,UBA4,Virat,Singh,India,JSCA,08/12/1997,27,BATTER,LHB,RIGHT ARM Off Spin,,,,3,SRH,,,Uncapped,30
269,38,UAL4,Priyansh,Arya,India,DDCA,18/09/2001,23,ALL-ROUNDER,LHB,RIGHT ARM Off Spin,,,,,,,,Uncapped,30
270,38,UAL4,Manoj,Bhandage,India,KSCA,05/10/1998,26,ALL-ROUNDER,LHB,RIGHT ARM Fast Medium,,,,0,RCB,RCB,0,Uncapped,30
271,38,UAL4,Pravin,Dubey,India,KSCA,01/07/1993,31,ALL-ROUNDER,RHB,RIGHT ARM Leg Spin,,,,4,DC,DC,0,Uncapped,30
272,38,UAL4,Ajay,Mandal,India,CSCSCA,25/02/1996,29,ALL-ROUNDER,LHB,LEFT ARM Slow Unorthodox,,,,0,CSK,CSK,0,Uncapped,30
273,38,UAL4,Prerak,Mankad,India,SCA,23/04/1994,30,ALL-ROUNDER,RHB,RIGHT ARM Medium,,,,5,"PBKS,LSG",LSG,0,Uncapped,30
274,38,UAL4,Vipraj,Nigam,India,UPCA,28/07/2004,20,ALL-ROUNDER,RHB,RIGHT ARM Leg Spin,,,,,,,,Uncapped,30
275,38,UAL4,Vicky,Ostwal,India,MACA,01/09/2002,22,ALL-ROUNDER,RHB,LEFT ARM Slow Orthodox,,,,0,DC,DC,0,Uncapped,30
276,38,UAL4,Shivalik,Sharma,India,BCA,28/11/1998,26,ALL-ROUNDER,LHB,RIGHT ARM Leg Spin,,,,0,MI,MI,0,Uncapped,30
277,39,UWK4,Salil,Arora,India,PCA,07/11/2002,22,WICKETKEEPER,RHB,,,,,,,,,Uncapped,30
278,39,UWK4,Dinesh,Bana,India,HCA,15/09/2004,20,WICKETKEEPER,RHB,,,,,,,,,Uncapped,30
279,39,UWK4,Ajitesh,Guruswamy,India,TNCA,26/09/2002,22,WICKETKEEPER,RHB,,,,,,,,,Uncapped,30
280,39,UWK4,Narayan,Jagadeesan,India,TNCA,24/12/1995,29,WICKETKEEPER,RHB,,,,,13,"CSK,KKR",,,Uncapped,30
281,39,UWK4,Shrijith,Krishnan,India,KSCA,12/08/1996,28,WICKETKEEPER,LHB,,,,,,,,,Uncapped,30
282,39,UWK4,Michael,Pepper,England,,25/06/1998,26,WICKETKEEPER,RHB,,,,,,,,,Uncapped,50
283,39,UWK4,Vishnu,Solanki,India,BCA,15/10/1992,32,WICKETKEEPER,RHB,,,,,,,,,Uncapped,30
284,40,UFA4,K.M,Asif,India,KCA,24/07/1993,31,BOWLER,RHB,RIGHT ARM Fast,,,,7,"CSK,RR",,,Uncapped,30
285,40,UFA4,Akhil,Chaudhary,India,DDCA,15/07/2002,22,BOWLER,RHB,RIGHT ARM Fast,,,,,,,,Uncapped,30
286,40,UFA4,Himanshu,Chauhan,India,DDCA,18/01/2003,22,BOWLER,RHB,RIGHT ARM Fast,,,,,,,,Uncapped,30
287,40,UFA4,Arpit,Guleria,India,HPCA,26/04/1997,27,BOWLER,RHB,RIGHT ARM Fast,,,,0,LSG,,,Uncapped,30
288,40,UFA4,Nishanth,Saranu,India,HYCA,03/03/2005,20,BOWLER,RHB,RIGHT ARM Fast Medium,,,,,,,,Uncapped,30
289,40,UFA4,Kuldip,Yadav,India,DDCA,15/10/1996,28,BOWLER,LHB,LEFT ARM Fast,,,,3,RR,,,Uncapped,30
290,40,UFA4,Prithviraj,Yarra,India,ACA,20/02/1998,27,BOWLER,LHB,LEFT ARM Fast,,,,2,"KKR,SRH",,,Uncapped,30
291,41,USP4,Shubham,Agrawal,India,CSCSCA,21/11/1993,31,BOWLER,RHB,RIGHT ARM Leg Spin,,,,,,,,Uncapped,30
292,41,USP4,Jass Inder,Baidwan,India,PCA,14/12/1996,28,BOWLER,RHB,RIGHT ARM Off Spin,,,,,,,,Uncapped,30
293,41,USP4,Jasmer,Dhankhar,India,UPCA,16/10/1998,26,BOWLER,RHB,RIGHT ARM Leg Spin,,,,,,,,Uncapped,30
294,41,USP4,Pulkit,Narang,India,SSCB,18/06/1994,30,BOWLER,RHB,RIGHT ARM Off Spin,,,,,,,,Uncapped,30
295,41,USP4,Saumy,Pandey,India,MPCA,04/11/2004,20,BOWLER,LHB,LEFT ARM Slow Orthodox,,,,,,,,Uncapped,30
296,41,USP4,Mohit,Rathee,India,SSCB,13/01/1999,26,BOWLER,RHB,RIGHT ARM Leg Spin,,,,1,PBKS,,,Uncapped,30
297,41,USP4,Himanshu,Singh,India,MCA,24/07/2003,21,BOWLER,RHB,RIGHT ARM Off Spin,,,,,,,,Uncapped,30
298,42,BA5,Towhid,Hridoy,Bangladesh,,04/12/2000,24,BATTER,RHB,RIGHT ARM Off Spin,,30,32,,,,,Capped,75
299,42,BA5,Mikyle,Louis,West Indies,,19/08/2000,24,BATTER,RHB,,5,,,,,,,Capped,75
300,42,BA5,Harry,Tector,Ireland,,06/12/1999,25,BATTER,RHB,RIGHT ARM Off Spin,6,46,81,,,,,Capped,75
301,42,BA5,Rassie,Van Der Dussen,South Africa,,07/02/1989,36,BATTER,RHB,RIGHT ARM Off Spin,15,65,48,3,RR,,,Capped,200
302,42,BA5,Will,Young,New Zealand,,22/11/1992,32,BATTER,RHB,,19,31,20,,,,,Capped,125
303,42,BA5,Najibullah,Zadran,Afghanistan,,28/02/1993,32,BATTER,LHB,,,92,107,,,,,Capped,75
304,42,BA5,Ibrahim,Zadran,Afghanistan,,12/01/2001,24,BATTER,RHB,RIGHT ARM Medium,7,33,44,,,,,Capped,75
305,43,AL5,Sean,Abbott,Australia,,29/02/1992,33,ALL-ROUNDER,RHB,RIGHT ARM Fast Medium,,24,20,3,"RCB,SRH",,,Capped,200
306,43,AL5,Jacob Bethell England,,,,23/10/2003,21,ALL-ROUNDER,LHB LEFT ARM Slow Orthodox,,,6,2,,,,,Capped,125
307,43,AL5,Brydon,Carse,England,,31/07/1995,29,ALL-ROUNDER,RHB,RIGHT ARM Fast,2,19,4,,,,,Capped,100
308,43,AL5,Aaron,Hardie,Australia,,07/01/1999,26,ALL-ROUNDER,RHB,RIGHT ARM Medium,,8,10,,,,,Capped,125
309,43,AL5,Sarfaraz,Khan,India,MCA,22/10/1997,27,ALL-ROUNDER,RHB,RIGHT ARM Leg Spin,5,,,50,"RCB,PBKS,DC",,,Capped,75
310,43,AL5,Kyle,Mayers,West Indies,,08/09/1992,32,ALL-ROUNDER,LHB,RIGHT ARM Fast Medium,18,28,38,12,LSG,LSG,0,Capped,150
311,43,AL5,Kamindu,Mendis,Sri Lanka,,30/09/1998,26,ALL-ROUNDER,LHB,LEFT ARM Slow Orthodox,8,10,19,,,,,Capped,75
312,43,AL5,Matthew,Short,Australia,,08/11/1995,29,ALL-ROUNDER,RHB,RIGHT ARM Off Spin,,8,11,6,PBKS,,,Capped,75
313,44,FA5,Jason,Behrendorff,Australia,,20/04/1990,34,BOWLER,RHB,LEFT ARM Fast,,12,17,17,"CSK,RCB,MI",MI,0,Capped,150
314,44,FA5,Dushmantha,Chameera,Sri Lanka,,11/01/1992,33,BOWLER,RHB,RIGHT ARM Fast,12,52,55,13,"RR,RCB,LSG,KKR",LSG,1,Capped,75
315,44,FA5,Nathan,Ellis,Australia,,22/09/1994,30,BOWLER,RHB,RIGHT ARM Fast Medium,,8,17,16,PBKS,PBKS,1,Capped,125
316,44,FA5,Shamar,Joseph,West Indies,,31/08/1999,25,BOWLER,LHB,RIGHT ARM Fast,6,,8,1,LSG,LSG,1,Capped,75
317,44,FA5,Josh,Little,Ireland,,01/11/1999,25,BOWLER,RHB,LEFT ARM Fast Medium,,36,69,11,GT,GT,1,Capped,75
318,44,FA5,Shivam,Mavi,India,UPCA,26/11/1998,26,BOWLER,RHB,RIGHT ARM Fast Medium,,,6,32,"KKR,GT,LSG",GT,0,Capped,75
319,44,FA5,Jhye,Richardson,Australia,,20/09/1996,28,BOWLER,RHB,RIGHT ARM Fast,3,15,18,4,"PBKS,MI,DC",DC,1,Capped,150
320,44,FA5,Navdeep,Saini,India,DDCA,23/11/1992,32,BOWLER,RHB,RIGHT ARM Fast,2,8,11,32,"DC,RCB,RR",RR,0,Capped,75
321,45,UBA5,Tanmay,Agarwal,India,HYCA,03/05/1995,29,BATTER,RHB,RIGHT ARM Leg Spin,,,,0,SRH,,,Uncapped,30
322,45,UBA5,Amandeep,Khare,India,CSCSCA,05/08/1997,27,BATTER,RHB,RIGHT ARM Off Spin,,,,,,,,Uncapped,30
323,45,UBA5,Ayush,Mhatre,India,MCA,16/07/2007,17,BATTER,RHB,RIGHT ARM Off Spin,,,,,,,,Uncapped,30
324,45,UBA5,Salman,Nizar,India,KCA,30/06/1997,27,BATTER,LHB,,,,,,,,,Uncapped,30
325,45,UBA5,Aniket,Verma,India,MPCA,05/02/2002,23,BATTER,RHB,,,,,,,,,Uncapped,30
326,45,UBA5,Sumeet,Verma,India,HPCA,18/11/1990,34,BATTER,RHB,RIGHT ARM Leg Spin,,,,,,,,Uncapped,30
327,45,UBA5,Manan,Vohra,India,UTCA,18/07/1993,31,BATTER,RHB,,,,,56,"PBKS,RCB,RR,LSG",,,Uncapped,30
328,45,UBA5,Samarth,Vyas,India,SCA,28/11/1995,29,BATTER,RHB,RIGHT ARM Leg Spin,,,,0,SRH,,,Uncapped,30
329,46,UAL5,Raj Angad,Bawa,India,UTCA,12/11/2002,22,ALL-ROUNDER,LHB,RIGHT ARM Fast Medium,,,,2,PBKS,,,Uncapped,30
330,46,UAL5,Emanjot,Chahal,India,PCA,17/08/2004,20,ALL-ROUNDER,RHB,LEFT ARM Slow Orthodox,,,,,,,,Uncapped,30
331,46,UAL5,Musheer,Khan,India,MCA,27/02/2005,20,ALL-ROUNDER,RHB,LEFT ARM Slow Orthodox,,,,,,,,Uncapped,30
332,46,UAL5,Manvanth,Kumar L,India,KSCA,11/01/2004,21,ALL-ROUNDER,LHB,RIGHT ARM Fast Medium,,,,,,,,Uncapped,30
333,46,UAL5,Mayank,Rawat,India,DDCA,04/12/1999,25,ALL-ROUNDER,RHB,RIGHT ARM Off Spin,,,,,,,,Uncapped,30
334,46,UAL5,Suryansh,Shedge,India,MCA,29/01/2003,22,ALL-ROUNDER,RHB,RIGHT ARM Fast Medium,,,,,,,,Uncapped,30
335,46,UAL5,Hritik,Shokeen,India,DDCA,14/08/2000,24,ALL-ROUNDER,RHB,RIGHT ARM Off Spin,,,,13,MI,,,Uncapped,30
336,46,UAL5,Sonu,Yadav,India,TNCA,11/11/1999,25,ALL-ROUNDER,RHB,RIGHT ARM Fast Medium,,,,0,RCB,,,Uncapped,30
337,47,UWK5,S. Rithik,Easwaran,India,TNCA,15/02/2002,23,WICKETKEEPER,LHB,,,,,,,,,Uncapped,30
338,47,UWK5,Anmol,Malhotra,India,PCA,29/11/1995,29,WICKETKEEPER,RHB,RIGHT ARM Off Spin,,,,,,,,Uncapped,30
339,47,UWK5,Pradosh,Paul,India,TNCA,21/12/2000,24,WICKETKEEPER,LHB,RIGHT ARM Off Spin,,,,,,,,Uncapped,30
340,47,UWK5,Karteek,Sharma,India,PCA,25/10/2001,23,WICKETKEEPER,LHB,RIGHT ARM Off Spin,,,,,,,,Uncapped,30
341,47,UWK5,Akash,Singh,India,ARCA,20/12/1995,29,WICKETKEEPER,RHB,RIGHT ARM Leg Spin,,,,,,,,Uncapped,30
342,47,UWK5,Tejasvi,Singh,India,DDCA,18/04/2002,22,WICKETKEEPER,RHB,RIGHT ARM Off Spin,,,,,,,,Uncapped,30
343,47,UWK5,Siddharth,Yadav,India,UPCA,13/08/2003,21,WICKETKEEPER,LHB,RIGHT ARM Medium,,,,,,,,Uncapped,30
344,48,UFA5,Saurabh,Dubey,India,VCA,23/01/1998,27,BOWLER,RHB,LEFT ARM Fast Medium,,,,0,SRH,,,Uncapped,30
345,48,UFA5,Aaqib,Khan,India,UPCA,25/12/2003,21,BOWLER,RHB,RIGHT ARM Fast Medium,,,,,,,,Uncapped,30
346,48,UFA5,Kulwant,Khejroliya,India,MPCA,13/03/1992,33,BOWLER,LHB,LEFT ARM Fast Medium,,,,7,"MI,RCB,KKR",,,Uncapped,30
347,48,UFA5,Ankit Singh,Rajpoot,India,UPCA,04/12/1993,31,BOWLER,RHB,RIGHT ARM Fast Medium,,,,29,"CSK,KKR,PBKS,RR,LSG",,,Uncapped,30
348,48,UFA5,Divesh,Sharma,India,HPCA,20/04/2001,23,BOWLER,RHB,RIGHT ARM Fast,,,,,,,,Uncapped,30
349,48,UFA5,Naman,Tiwari,India,UPCA,08/11/2005,19,BOWLER,LHB,LEFT ARM Fast,,,,,,,,Uncapped,30
350,48,UFA5,Prince,Yadav,India,DDCA,12/12/2001,23,BOWLER,RHB,RIGHT ARM Fast,,,,,,,,Uncapped,30
351,49,USP5,Kunal Singh,Chibb,India,JKCA,31/03/1997,28,BOWLER,RHB,RIGHT ARM Leg Spin,,,,,,,,Uncapped,30
352,49,USP5,Yuvraj,Chudasama,India,SCA,23/11/1995,29,BOWLER,LHB,RIGHT ARM Leg Spin,,,,,,,,Uncapped,30
353,49,USP5,Deepak,Devadiga,India,KSCA,14/04/1999,25,BOWLER,RHB,RIGHT ARM Leg Spin,,,,,,,,Uncapped,30
354,49,USP5,Ramesh,Prasad,India,CAB,30/01/1994,31,BOWLER,LHB,LEFT ARM Slow Orthodox,,,,,,,,Uncapped,30
355,49,USP5,Shivam,Shukla,India,MPCA,11/12/1995,29,BOWLER,RHB,RIGHT ARM Leg Spin,,,,,,,,Uncapped,30
356,49,USP5,Himanshu,Singh,India,BICA,23/09/1997,27,BOWLER,RHB,RIGHT ARM Leg Spin,,,,,,,,Uncapped,30
357,49,USP5,Tejpreet,Singh,India,PCA,11/08/2000,24,BOWLER,RHB,RIGHT ARM Leg Spin,,,,,,,,Uncapped,30
358,50,AL6,Qais,Ahmad,Afghanistan,,15/08/2000,24,ALL-ROUNDER,RHB,RIGHT ARM Leg Spin,2,3,11,,,,,Capped,75
359,50,AL6,Charith,Asalanka,Sri Lanka,,29/06/1997,27,ALL-ROUNDER,LHB,RIGHT ARM Off Spin,3,63,53,,,,,Capped,75
360,50,AL6,Michael,Bracewell,New Zealand,,14/02/1991,34,ALL-ROUNDER,LHB,RIGHT ARM Off Spin,5,19,22,5,RCB,,,Capped,150
361,50,AL6,Gudakesh,Motie,West Indies,,29/03/1995,30,ALL-ROUNDER,LHB,LEFT ARM Slow Orthodox,9,14,21,,,,,Capped,75
362,50,AL6,Daniel,Mousley,England,,08/07/2001,23,ALL-ROUNDER,LHB,RIGHT ARM Off Spin,,1,,,,,,Capped,75
363,50,AL6,Jamie,Overton,England,,10/04/1984,41,ALL-ROUNDER,RHB,RIGHT ARM Fast,1,1,2,,,,,Capped,150
364,50,AL6,Dunith,Wellalage,Sri Lanka,,09/01/2003,22,ALL-ROUNDER,LHB,LEFT ARM Slow Orthodox,1,25,2,,,,,Capped,75
365,51,FA6,Ottneil,Baartman,South Africa,,18/03/1993,32,BOWLER,RHB,RIGHT ARM Fast Medium,,3,10,,,,,Capped,75
366,51,FA6,Xavier,Bartlett,Australia,,17/12/1998,26,BOWLER,RHB,RIGHT ARM Fast Medium,,2,4,,,,,Capped,75
367,51,FA6,Dilshan,Madushanka,Sri Lanka,,18/09/2000,24,BOWLER,RHB,LEFT ARM Fast,1,23,15,0,MI,MI,0,Capped,75
368,51,FA6,Adam,Milne,New Zealand,,13/04/1992,32,BOWLER,RHB,RIGHT ARM Fast,,49,53,10,"RCB,MI,CSK",,,Capped,200
369,51,FA6,Lungisani,Ngidi,South Africa,,29/03/1996,29,BOWLER,RHB,RIGHT ARM Fast Medium,19,62,43,14,"CSK,DC",DC,0,Capped,100
370,51,FA6,William,O'Rourke,New Zealand,,06/08/2001,23,BOWLER,RHB,RIGHT ARM Fast,6,3,3,,,,,Capped,150
371,51,FA6,Chetan,Sakariya,India,SCA,28/02/1998,27,BOWLER,LHB,LEFT ARM Medium,,1,2,19,"RR,DC,KKR",KKR,0,Capped,75
372,51,FA6,Sandeep,Warrier,India,TNCA,04/04/1991,34,BOWLER,RHB,RIGHT ARM Fast Medium,,,1,10,"KKR,GT",,,Capped,75
373,52,UBA6,Musaif,Ajaz,India,JKCA,03/08/2002,22,BATTER,RHB,LEFT ARM Slow Orthodox,,,,,,,,Uncapped,30
374,52,UBA6,Agni,Chopra,India,CAM,04/11/1998,26,BATTER,LHB,,,,,,,,,Uncapped,30
375,52,UBA6,Abhimanyu,Easwaran,India,CAB,06/09/1995,29,BATTER,RHB,RIGHT ARM Leg Spin,,,,,,,,Uncapped,30
376,52,UBA6,Sudip,Gharami,India,CAB,21/03/1999,26,BATTER,RHB,,,,,,,,,Uncapped,30
377,52,UBA6,Shubham,Khajuria,India,JKCA,13/09/1995,29,BATTER,RHB,RIGHT ARM Off Spin,,,,,,,,Uncapped,30
378,52,UBA6,Akhil,Rawat,India,CAU,04/11/2000,24,BATTER,RHB,,,,,,,,,Uncapped,30
379,52,UBA6,Prateek,Yadav,India,CSCSCA,16/02/1999,26,BATTER,LHB,RIGHT ARM Off Spin,,,,,,,,Uncapped,30
380,53,UAL6,Abdul,Bazith,India,KCA,09/10/1998,26,ALL-ROUNDER,RHB,RIGHT ARM Off Spin,,,,1,RR,,,Uncapped,30
381,53,UAL6,K.C,Cariappa,India,CAM,13/04/1994,30,ALL-ROUNDER,RHB,RIGHT ARM Leg Spin,,,,11,"PBKS,KKR,RR",,,Uncapped,30
382,53,UAL6,Yuvraj,Chaudhary,India,CAU,06/10/2001,23,ALL-ROUNDER,LHB,LEFT ARM Slow Orthodox,,,,,,,,Uncapped,30
383,53,UAL6,Aman,Khan,India,CAP,23/11/1996,28,ALL-ROUNDER,RHB,RIGHT ARM Fast Medium,,,,12,"KKR,DC",,,Uncapped,30
384,53,UAL6,Sumit,Kumar,India,HCA,12/12/1995,29,ALL-ROUNDER,RHB,RIGHT ARM Fast Medium,,,,,,,,Uncapped,30
385,53,UAL6,Kamlesh,Nagarkoti,India,RCA,28/12/1999,25,ALL-ROUNDER,RHB,RIGHT ARM Fast,,,,12,"KKR,DC",,,Uncapped,30
386,53,UAL6,Hardik,Raj,India,KSCA,10/03/2006,19,ALL-ROUNDER,LHB,LEFT ARM Slow Orthodox,,,,,,,,Uncapped,30
387,53,UAL6,Harsh,Tyagi,India,DDCA,23/12/1999,25,ALL-ROUNDER,LHB,LEFT ARM Slow Orthodox,,,,,,,,Uncapped,30
388,54,UWK6,M.,Ajnas,India,KCA,08/05/1997,27,WICKETKEEPER,RHB,RIGHT ARM Off Spin,,,,,,,,Uncapped,30
389,54,UWK6,Unmukt,Chand,USA,,26/03/1993,32,WICKETKEEPER,RHB,,,,,21,"DC,RR,MI",,,Associate,30
390,54,UWK6,Tejasvi,Dahiya,India,DDCA,18/04/2002,22,WICKETKEEPER,RHB,,,,,,,,,Uncapped,30
391,54,UWK6,Sumit,Ghadigaonkar,India,ASCA,11/04/1992,32,WICKETKEEPER,RHB,,,,,,,,,Uncapped,30
392,54,UWK6,Baba,Indrajith,India,TNCA,08/07/1994,30,WICKETKEEPER,RHB,RIGHT ARM Off Spin,,,,3,KKR,,,Uncapped,30
393,54,UWK6,Muhammed,Khan,India,TNCA,30/12/2000,24,WICKETKEEPER,RHB,RIGHT ARM Off Spin,,,,,,,,Uncapped,30
394,54,UWK6,Bhagmender,Lather,India,UTCA,18/06/1997,27,WICKETKEEPER,LHB,LEFT ARM Slow Orthodox,,,,,,,,Uncapped,30
395,55,UFA6,Baltej,Dhanda,India,PCA,04/11/1990,34,BOWLER,RHB,RIGHT ARM Fast Medium,,,,0,PBKS,,,Uncapped,30
396,55,UFA6,Ali,Khan,USA,,13/12/1990,34,BOWLER,RHB,RIGHT ARM Fast,,,,0,KKR,,,Associate,30
397,55,UFA6,Ravi,Kumar,India,CAB,29/10/2003,21,BOWLER,LHB,LEFT ARM Fast Medium,,,,,,,,Uncapped,30
398,55,UFA6,Vineet,Panwar,India,UPCA,28/06/1998,26,BOWLER,RHB,RIGHT ARM Fast,,,,,,,,Uncapped,30
399,55,UFA6,Vidyadhar,Patil,India,KSCA,05/09/2000,24,BOWLER,RHB,RIGHT ARM Fast Medium,,,,,,,,Uncapped,30
400,55,UFA6,Aradhya,Shukla,India,PCA,06/12/2004,20,BOWLER,RHB,RIGHT ARM Fast,,,,,,,,Uncapped,30
401,55,UFA6,Abhinandan,Singh,India,UPCA,30/03/1997,28,BOWLER,RHB,RIGHT ARM Fast Medium,,,,,,,,Uncapped,30
402,56,AL7,Cooper,Connolly,Australia,,22/08/2003,21,ALL-ROUNDER,LHB,LEFT ARM Slow Orthodox,,1,2,,,,,Capped,75
403,56,AL7,Dushan,Hemantha,Sri Lanka,,24/05/1994,30,ALL-ROUNDER,RHB,RIGHT ARM Leg Spin,,5,,,,,,Capped,75
404,56,AL7,Jason,Holder,West Indies,,05/11/1991,33,ALL-ROUNDER,RHB,RIGHT ARM Fast,69,138,63,46,"CSK,KKR,SRH,LSG,RR",,,Capped,200
405,56,AL7,Karim,Janat,Afghanistan,,11/08/1998,26,ALL-ROUNDER,RHB,RIGHT ARM Fast Medium,2,3,66,,,,,Capped,75
406,56,AL7,Jimmy,Neesham,New Zealand,,17/09/1990,34,ALL-ROUNDER,LHB,RIGHT ARM Fast Medium,12,76,79,14,"DC,PBKS,MI,RR",,,Capped,150
407,56,AL7,Daniel,Sams,Australia,,27/10/1992,32,ALL-ROUNDER,RHB,LEFT ARM Fast,,,10,16,"DC,RCB,MI,LSG",,,Capped,150
408,56,AL7,William,Sutherland,Australia,,27/10/1999,25,ALL-ROUNDER,RHB,RIGHT ARM Fast,,2,,,,,,Capped,75
409,57,FA7,Taskin,Ahmed,Bangladesh,,03/04/1995,30,BOWLER,LHB,RIGHT ARM Fast,15,73,70,,,,,Capped,100
410,57,FA7,Ben,Dwarshuis,Australia,,23/06/1994,30,BOWLER,LHB,LEFT ARM Fast,,1,3,0,"PBKS,DC",,,Capped,75
411,57,FA7,Obed,McCoy,West Indies,,04/01/1997,28,BOWLER,RHB,LEFT ARM Fast,,2,38,8,RR,,,Capped,125
412,57,FA7,Riley,Meredith,Australia,,21/06/1996,28,BOWLER,RHB,RIGHT ARM Fast,,1,6,,,,,Capped,150
413,57,FA7,Lance,Morris,Australia,,28/03/1998,27,BOWLER,RHB,RIGHT ARM Fast,,2,22,,,,,Capped,125
414,57,FA7,Olly,Stone,England,,09/10/1993,31,BOWLER,RHB,RIGHT ARM Fast,5,10,1,,,,,Capped,75
415,57,FA7,Daniel,Worrall,England,,10/07/1991,33,BOWLER,RHB,RIGHT ARM Fast Medium,,3,,,,,,Capped,150
416,58,UBA7,Pyla,Avinash,India,ACA,07/07/2000,24,BATTER,RHB,RIGHT ARM Fast Medium,,,,,,,,Uncapped,30
417,58,UBA7,Kiran,Chormale,India,MACA,11/10/2005,19,BATTER,RHB,RIGHT ARM Off Spin,,,,,,,,Uncapped,30
418,58,UBA7,Ashish,Dahariya,India,CSCSCA,17/10/2004,20,BATTER,RHB,RIGHT ARM Leg Spin,,,,,,,,Uncapped,30
419,58,UBA7,Tushar,Raheja,India,TNCA,07/02/2001,24,BATTER,LHB,,,,,,,,,Uncapped,30
420,58,UBA7,Sarthak,Ranjan,India,DDCA,25/09/1996,28,BATTER,RHB,RIGHT ARM Off Spin,,,,,,,,Uncapped,30
421,58,UBA7,Abhijeet,Tomar,India,RCA,14/03/1995,30,BATTER,RHB,RIGHT ARM Off Spin,,,,1,KKR,,,Uncapped,30
422,59,UAL7,Krish,Bhagat,India,PCA,06/11/2004,20,ALL-ROUNDER,RHB,RIGHT ARM Fast Medium,,,,,,,,Uncapped,30
423,59,UAL7,Sohraab,Dhaliwal,India,PCA,18/11/1991,33,ALL-ROUNDER,RHB,LEFT ARM Slow Orthodox,,,,,,,,Uncapped,30
424,59,UAL7,Harsh,Dubey,India,VCA,23/07/2002,22,ALL-ROUNDER,LHB,LEFT ARM Slow Orthodox,,,,,,,,Uncapped,30
425,59,UAL7,Ramakrishna,Ghosh,India,MACA,28/08/1997,27,ALL-ROUNDER,RHB,RIGHT ARM Fast,,,,,,,,Uncapped,30
426,59,UAL7,Raj,Limbani,India,BCA,02/02/2005,20,ALL-ROUNDER,LHB,RIGHT ARM Fast Medium,,,,,,,,Uncapped,30
427,59,UAL7,Ninad,Rathva,India,BCA,10/03/1999,26,ALL-ROUNDER,LHB,LEFT ARM Slow Orthodox,,,,,,,,Uncapped,30
428,59,UAL7,Vivrant,Sharma,India,JKCA,30/10/1999,25,ALL-ROUNDER,LHB,RIGHT ARM Leg Spin,,,,2,SRH,,,Uncapped,30
429,59,UAL7,Shiva,Singh,India,UPCA,16/10/1999,25,ALL-ROUNDER,RHB,LEFT ARM Slow Orthodox,,,,,,,,Uncapped,30
430,60,UFA7,Sayed Irfan,Aftab,India,CAB,20/11/2003,21,BOWLER,RHB,RIGHT ARM Fast,,,,,,,,Uncapped,30
431,60,UFA7,Anirudh,Chowdhary,India,DDCA,08/11/1999,25,BOWLER,LHB,RIGHT ARM Fast Medium,,,,,,,,Uncapped,30
432,60,UFA7,Anshuman,Hooda,India,DDCA,04/01/2001,24,BOWLER,RHB,RIGHT ARM Fast,,,,,,,,Uncapped,30
433,60,UFA7,Siddharth,Kaul,India,PCA,19/05/1990,34,BOWLER,RHB,RIGHT ARM Fast Medium,,,,55,"KKR,DC,SRH,RCB",,,Uncapped,40
434,60,UFA7,Prashant Sai,Painkra,India,CSCSCA,08/09/2002,22,BOWLER,RHB,RIGHT ARM Fast Medium,,,,,,,,Uncapped,30
435,60,UFA7,Venkata Satyanarayana,Penmetsa,India,ACA,10/07/1999,25,BOWLER,RHB,RIGHT ARM Fast Medium,,,,,,,,Uncapped,30
436,60,UFA7,Yeddala,Reddy,India,ACA,13/12/1999,25,BOWLER,RHB,RIGHT ARM Fast,,,,,,,,Uncapped,30
437,61,AL8,Zak,Foulkes,New Zealand,,05/06/2002,22,ALL-ROUNDER,RHB,RIGHT ARM Medium,,,2,,,,,Capped,75
438,61,AL8,Chris,Green,Australia,,01/10/1993,31,ALL-ROUNDER,RHB,RIGHT ARM Off Spin,,,1,1,KKR,,,Capped,100
439,61,AL8,Shakib Al,Hasan,Bangladesh,,24/03/1987,38,ALL-ROUNDER,LHB,LEFT ARM Slow Orthodox,71,247,129,71,"SRH,KKR",,,Capped,100
440,61,AL8,Mehidy Hasan,Miraz,Bangladesh,,25/10/1997,27,ALL-ROUNDER,RHB,RIGHT ARM Off Spin,49,97,27,,,,,Capped,100
441,61,AL8,Wiaan,Mulder,South Africa,,19/02/1998,27,ALL-ROUNDER,RHB,RIGHT ARM Medium,15,20,11,,,,,Capped,75
442,61,AL8,Dwaine,Pretorius,South Africa,,29/03/1989,36,ALL-ROUNDER,RHB,RIGHT ARM Fast Medium,3,27,30,7,CSK,,,Capped,75
443,61,AL8,Dasun,Shanaka,Sri Lanka,,09/09/1991,33,ALL-ROUNDER,RHB,RIGHT ARM Fast,6,71,102,3,GT,,,Capped,75
444,62,FA8,Shoriful,Islam,Bangladesh,,03/06/2001,23,BOWLER,LHB,LEFT ARM Fast Medium,11,36,42,,,,,Capped,75
445,62,FA8,Blessing,Muzarabani,Zimbabwe,,02/10/1996,28,BOWLER,RHB,RIGHT ARM Fast,7,48,61,,,,,Capped,75
446,62,FA8,Matthew,Potts,England,,29/10/1998,26,BOWLER,RHB,RIGHT ARM Fast Medium,9,9,,,,,,Capped,150
447,62,FA8,Tanzim Hasan,Sakib,Bangladesh,,20/10/2002,22,BOWLER,RHB,RIGHT ARM Fast,,7,15,,,,,Capped,75
448,62,FA8,Benjamin,Sears,New Zealand,,11/02/1998,27,BOWLER,RHB,RIGHT ARM Fast,1,,17,,,,,Capped,100
449,62,FA8,Tim,Southee,New Zealand,,11/12/1988,36,BOWLER,RHB,RIGHT ARM Fast Medium,104,161,126,54,"CSK,RR,MI,RCB,KKR",,,Capped,150
450,62,FA8,John,Turner,England,,10/04/2001,23,BOWLER,RHB,RIGHT ARM Fast,,1,,,,,,Capped,150
451,63,UBA8,Joshua,Brown,Australia,,26/12/1993,31,BATTER,RHB,RIGHT ARM Off Spin,,,,,,,,Uncapped,30
452,63,UBA8,Oliver,Davies,Australia,,14/10/2000,24,BATTER,RHB,RIGHT ARM Off Spin,,,,,,,,Uncapped,30
453,63,UBA8,Bevan John,Jacobs,New Zealand,,06/05/2002,22,BATTER,RHB,RIGHT ARM Fast Medium,,,,,,,,Uncapped,30
454,63,UBA8,Atharva,Kale,India,MACA,21/09/1999,25,BATTER,RHB,RIGHT ARM Leg Spin,,,,,,,,Uncapped,30
455,63,UBA8,Abhishek,Nair,India,KCA,06/06/2004,20,BATTER,RHB,RIGHT ARM Off Spin,,,,,,,,Uncapped,30
456,63,UBA8,Vishwanath Pratap,Singh,India,PCA,18/06/1998,26,BATTER,RHB,RIGHT ARM Off Spin,,,,,,,,Uncapped,30
457,64,UAL8,Nasir,Lone,India,JKCA,05/09/1997,27,ALL-ROUNDER,RHB,RIGHT ARM Fast Medium,,,,,,,,Uncapped,30
458,64,UAL8,Brandon,McMullen,Scotland,,18/10/1999,25,ALL-ROUNDER,RHB,RIGHT ARM Medium,,,,,,,,Associate,30
459,64,UAL8,S.,Midhun,India,KCA,07/10/1994,30,ALL-ROUNDER,RHB,RIGHT ARM Leg Spin,,,,1,RR,,,Uncapped,30
460,64,UAL8,Abid,Mushtaq,India,JKCA,17/01/1997,28,ALL-ROUNDER,LHB,LEFT ARM Slow Orthodox,,,,,,,,Uncapped,30
461,64,UAL8,Mahesh,Pithiya,India,BCA,24/12/2001,23,ALL-ROUNDER,RHB,RIGHT ARM Off Spin,,,,,,,,Uncapped,30
462,64,UAL8,Maramreddy,Reddy,India,ACA,28/10/2002,22,ALL-ROUNDER,RHB,RIGHT ARM Leg Spin,,,,,,,,Uncapped,30
463,64,UAL8,Atit,Sheth,India,BCA,03/02/1996,29,ALL-ROUNDER,RHB,RIGHT ARM Fast Medium,,,,,,,,Uncapped,30
464,64,UAL8,Jonty,Sidhu,India,DDCA,09/12/1997,27,ALL-ROUNDER,LHB,RIGHT ARM Off Spin,,,,,,,,Uncapped,30
465,65,UFA8,Mohit,Avasthi,India,MCA,18/11/1992,32,BOWLER,RHB,RIGHT ARM Fast Medium,,,,,,,,Uncapped,30
466,65,UFA8,Faridoon,Dawoodzai,Afghanistan,,26/11/2005,19,BOWLER,LHB,LEFT ARM Fast Medium,,,,,,,,Uncapped,30
467,65,UFA8,Praful,Hinge,India,VCA,18/01/2002,23,BOWLER,RHB,RIGHT ARM Fast,,,,,,,,Uncapped,30
468,65,UFA8,Pankaj,Jaswal,India,HPCA,20/09/1995,29,BOWLER,RHB,RIGHT ARM Fast,,,,0,MI,,,Uncapped,30
469,65,UFA8,Vijay,Kumar,India,UPCA,24/12/2005,19,BOWLER,RHB,RIGHT ARM Fast,,,,,,,,Uncapped,30
470,65,UFA8,Ashok,Sharma,India,RCA,17/06/2002,22,BOWLER,RHB,RIGHT ARM Fast,,,,,,,,Uncapped,30
471,65,UFA8,Mujtaba,Yousuf,India,JKCA,07/06/2002,22,BOWLER,LHB,LEFT ARM Fast Medium,,,,,,,,Uncapped,30
472,66,AL9,Ashton,Agar,Australia,,14/10/1993,31,ALL-ROUNDER,LHB,LEFT ARM Slow Orthodox,5,22,49,,,,,Capped,125
473,66,AL9,Roston,Chase,West Indies,,22/03/1992,33,ALL-ROUNDER,RHB,RIGHT ARM Off Spin,49,49,25,,,,,Capped,75
474,66,AL9,Junior,Dala,South Africa,,29/12/1989,35,ALL-ROUNDER,RHB,RIGHT ARM Fast,,2,10,1,DC,,,Capped,75
475,66,AL9,Mahedi,Hasan,Bangladesh,,12/12/1994,30,ALL-ROUNDER,RHB,RIGHT ARM Off Spin,,11,51,,,,,Capped,75
476,66,AL9,Nangeyalia,Kharote,Afghanistan,,25/04/2004,20,ALL-ROUNDER,LHB,LEFT ARM Slow Orthodox,,4,6,,,,,Capped,75
477,66,AL9,Dan,Lawrence,England,,12/07/1997,27,ALL-ROUNDER,RHB,RIGHT ARM Off Spin,14,,,,,,,Capped,100
478,66,AL9,Nathan,Smith,New Zealand,,15/07/1998,26,ALL-ROUNDER,RHB,RIGHT ARM Fast,0,0,0,,,,,Capped,100
479,67,FA9,James,Anderson,England,,30/07/1982,42,BOWLER,LHB,RIGHT ARM Fast,188,194,19,,,,,Capped,125
480,67,FA9,Kyle,Jamieson,New Zealand,,30/12/1994,30,BOWLER,RHB,RIGHT ARM Fast,19,13,13,9,"RCB,CSK",,,Capped,150
481,67,FA9,Chris,Jordan,England,,04/10/1988,36,BOWLER,RHB,RIGHT ARM Fast,8,35,95,34,"RCB,SRH,PBKS,CSK,MI",,,Capped,200
482,67,FA9,Hasan,Mahmud,Bangladesh,,12/02/1997,28,BOWLER,RHB,RIGHT ARM Fast Medium,6,22,18,,,,,Capped,75
483,67,FA9,Tymal,Mills,England,,12/08/1992,32,BOWLER,RHB,LEFT ARM Fast,,,16,10,"RCB,MI",,,Capped,200
484,67,FA9,David,Payne,England,,15/02/1991,34,BOWLER,RHB,LEFT ARM Fast Medium,,1,,,,,,Capped,100
485,67,FA9,Nahid,Rana,Bangladesh,,25/10/2002,22,BOWLER,RHB,RIGHT ARM Fast,5,,,,,,,Capped,75
486,68,UBA9,Prayas Ray,Barman,India,CAB,25/10/2002,22,BATTER,RHB,RIGHT ARM Off Spin,,,,,,,,Uncapped,30
487,68,UBA9,Jafar,Jamal,India,TNCA,20/03/1990,35,BATTER,RHB,RIGHT ARM Off Spin,,,,,,,,Uncapped,30
488,68,UBA9,Ayaz,Khan,India,MCA,10/09/2002,22,BATTER,LHB,LEFT ARM Slow Orthodox,,,,,,,,Uncapped,30
489,68,UBA9,Kaushik,Maity,India,CAB,14/10/1999,25,BATTER,RHB,LEFT ARM Slow Orthodox,,,,,,,,Uncapped,30
490,68,UBA9,Rituraj,Sharma,India,UPCA,27/11/2002,22,BATTER,LHB,RIGHT ARM Off Spin,,,,,,,,Uncapped,30
491,68,UBA9,Vaibhav,Suryavanshi,India,BICA,27/03/2011,14,BATTER,LHB,LEFT ARM Slow Orthodox,,,,,,,,Uncapped,30
492,69,UAL9,Kartik,Chadha,India,PCA,08/01/2004,21,ALL-ROUNDER,LHB,RIGHT ARM Leg Spin,,,,,,,,Uncapped,30
493,69,UAL9,Writtick,Chatterjee,India,CAB,28/09/1992,32,ALL-ROUNDER,RHB,RIGHT ARM Off Spin,,,,0,PBKS,,,Uncapped,30
494,69,UAL9,Prerit,Dutta,India,PCA,22/09/1998,26,ALL-ROUNDER,LHB,LEFT ARM Slow Orthodox,,,,,,,,Uncapped,30
495,69,UAL9,Rajneesh,Gurbani,India,MACA,28/01/1993,32,ALL-ROUNDER,RHB,RIGHT ARM Fast Medium,,,,,,,,Uncapped,30
496,69,UAL9,Shubhang,Hegde,India,KSCA,30/03/2001,24,ALL-ROUNDER,LHB,LEFT ARM Slow Orthodox,,,,,,,,Uncapped,30
497,69,UAL9,Saransh,Jain,India,MPCA,31/03/1993,32,ALL-ROUNDER,LHB,RIGHT ARM Off Spin,,,,,,,,Uncapped,30
498,69,UAL9,Ripal,Patel,India,GUCA,28/09/1995,29,ALL-ROUNDER,RHB,RIGHT ARM Medium,,,,9,DC,,,Uncapped,30
499,69,UAL9,Akash,Vashisht,India,HPCA,17/12/1994,30,ALL-ROUNDER,LHB,LEFT ARM Slow Orthodox,,,,0,RR,,,Uncapped,30
500,70,UFA9,Anirudh,Kanwar,India,UTCA,13/03/1994,31,BOWLER,RHB,RIGHT ARM Fast,,,,,,,,Uncapped,30
501,70,UFA9,Shubham,Kapse,India,VCA,22/07/1994,30,BOWLER,RHB,RIGHT ARM Fast Medium,,,,,,,,Uncapped,30
502,70,UFA9,Atif,Mushtaq,India,JKCA,20/03/2003,22,BOWLER,LHB,RIGHT ARM Fast,,,,,,,,Uncapped,30
503,70,UFA9,Dipesh,Parwani,India,VCA,14/01/2000,25,BOWLER,LHB,LEFT ARM Fast Medium,,,,,,,,Uncapped,30
504,70,UFA9,Manish,Reddy,India,HYCA,07/01/1999,26,BOWLER,RHB,RIGHT ARM Fast Medium,,,,,,,,Uncapped,30
505,70,UFA9,Chetan,Sharma,India,RCA,23/11/2005,19,BOWLER,RHB,RIGHT ARM Fast Medium,,,,,,,,Uncapped,30
506,70,UFA9,Avinash,Singh,India,JKCA,05/07/1998,26,BOWLER,RHB,RIGHT ARM Fast,,,,,,,,Uncapped,30
507,72,AL10,Alick,Athanaze,West Indies,,07/12/1998,26,ALL-ROUNDER,LHB,RIGHT ARM Off Spin,9,11,4,,,,,Capped,75
508,72,AL10,Hilton,Cartwright,Australia,,14/02/1992,33,ALL-ROUNDER,RHB,RIGHT ARM Medium,2,2,,,,,,Capped,75
509,72,AL10,Dominic,Drakes,West Indies,,06/02/1998,27,ALL-ROUNDER,LHB,LEFT ARM Fast,,3,10,0,GT,,,Capped,125
510,72,FA10,Daryn,Dupavillon,South Africa,,15/07/1994,30,BOWLER,RHB,RIGHT ARM Fast,,2,,,,,,Capped,75
511,72,AL10,Matthew,Forde,West Indies,,29/04/2002,22,ALL-ROUNDER,RHB,RIGHT ARM Fast Medium,,6,6,,,,,Capped,125
512,72,AL10,Patrick,Kruger,South Africa,,03/02/1995,30,ALL-ROUNDER,RHB,RIGHT ARM Fast Medium,,,6,,,,,Capped,75
513,72,FA10,Lahiru,Kumara,Sri Lanka,,13/02/1997,28,BOWLER,LHB,RIGHT ARM Fast,31,31,26,,,,,Capped,75
514,72,AL10,Michael,Neser,Australia,,29/03/1990,35,ALL-ROUNDER,RHB,RIGHT ARM Fast Medium,,,,1,PBKS,,,Capped,75
515,72,FA10,Richard,Ngarava,Zimbabwe,,29/12/1997,27,BOWLER,LHB,LEFT ARM Fast Medium,5,44,60,,,,,Capped,75
516,72,FA10,Wayne,Parnell,South Africa,,30/07/1989,35,BOWLER,LHB,LEFT ARM Fast Medium,6,73,56,33,"PWI,DC,RCB",,,Capped,100
517,72,AL10,Keemo,Paul,West Indies,,21/02/1998,27,ALL-ROUNDER,RHB,RIGHT ARM Fast,3,30,23,8,DC,,,Capped,125
518,72,AL10,Odean,Smith,West Indies,,01/11/1996,28,ALL-ROUNDER,RHB,RIGHT ARM Medium,,9,27,6,"PBKS,GT",,,Capped,75
519,72,FA10,Andrew,Tye,Australia,,12/12/1986,38,BOWLER,RHB,RIGHT ARM Fast Medium,,7,32,30,"GL,PBKS,RR,LSG",,,Capped,75
520,73,UAL10,Ajay,Ahlawat,India,DDCA,27/05/1997,27,ALL-ROUNDER,LHB,LEFT ARM Fast,,,,,,,,Uncapped,40
521,73,UAL10,Corbin,Bosch,South Africa,,10/09/1994,30,ALL-ROUNDER,RHB,RIGHT ARM Fast,,,,0,RR,,,Uncapped,30
522,73,UAL10,Mayank,Gusain,India,DDCA,25/09/2001,23,ALL-ROUNDER,RHB,RIGHT ARM Fast,,,,,,,,Uncapped,30
523,73,UAL10,Mukhtar,Hussain,India,ASCA,11/01/1999,26,ALL-ROUNDER,RHB,RIGHT ARM Fast Medium,,,,,,,,Uncapped,30
524,73,UAL10,Girinath,Reddy,India,ACA,08/10/1998,26,ALL-ROUNDER,RHB,RIGHT ARM Fast Medium,,,,,,,,Uncapped,30
525,73,UAL10,Jalaj,Saxena,India,KCA,15/12/1986,38,ALL-ROUNDER,RHB,RIGHT ARM Off Spin,,,,1,"MI,RCB,DC,PBKS",,,Uncapped,40
526,73,UAL10,Yajas,Sharma,India,DDCA,21/08/2005,19,ALL-ROUNDER,RHB,RIGHT ARM Off Spin,,,,,,,,Uncapped,30
527,73,UAL10,Sanjay,Yadav,India,TNCA,10/05/1995,29,ALL-ROUNDER,LHB,LEFT ARM Slow Orthodox,,,,1,"KKR, SRH,MI",,,Uncapped,30
528,74,UFA10,Vishal,Godara,India,RCA,25/02/2003,22,BOWLER,LHB,RIGHT ARM Medium,,,,,,,,Uncapped,30
529,74,UFA10,Eshan,Malinga,Sri Lanka,,04/02/2001,24,BOWLER,LHB,RIGHT ARM Fast,,,,,,,,Uncapped,30
530,74,UFA10,Samarth,Nagraj,India,KSCA,21/10/2005,19,BOWLER,RHB,RIGHT ARM Fast,,,,,,,,Uncapped,30
531,74,UFA10,Abhishek,Saini,India,UTCA,02/12/1998,26,BOWLER,RHB,RIGHT ARM Fast,,,,,,,,Uncapped,30
532,74,UFA10,Dumindu,Sewmina,Sri Lanka,,19/12/2004,20,BOWLER,RHB,RIGHT ARM Medium,,,,,,,,Uncapped,30
533,74,UFA10,Pradyuman Kumar,Singh,India,UTCA,03/12/2001,23,BOWLER,RHB,RIGHT ARM Fast,,,,,,,,Uncapped,30
534,74,UFA10,Vasu,Vats,India,UPCA,08/09/2002,22,BOWLER,RHB,RIGHT ARM Fast,,,,,,,,Uncapped,30
535,75,UAL11,Umang,Kumar,India,GUCA,11/12/2000,24,ALL-ROUNDER,RHB,RIGHT ARM Off Spin,,,,,,,,Uncapped,30
536,75,UAL11,Mohamed,Ali,India,TNCA,03/10/2004,20,ALL-ROUNDER,RHB,RIGHT ARM Off Spin,,,,,,,,Uncapped,30
537,75,UAL11,Atharva,Ankolekar,India,MCA,26/09/2000,24,ALL-ROUNDER,LHB,LEFT ARM Slow Orthodox,,,,,,,,Uncapped,30
538,75,UAL11,Vaisakh,Chandran,India,KCA,31/05/1996,28,ALL-ROUNDER,RHB,RIGHT ARM Off Spin,,,,,,,,Uncapped,30
539,75,UAL11,Auqib,Dar,India,JKCA,04/11/1996,28,ALL-ROUNDER,RHB,RIGHT ARM Fast Medium,,,,,,,,Uncapped,30
540,75,UAL11,Rohit,Rayudu,India,HYCA,29/07/1994,30,ALL-ROUNDER,LHB,RIGHT ARM Off Spin,,,,,,,,Uncapped,30
541,75,UAL11,Uday,Saharan,India,PCA,08/09/2004,20,ALL-ROUNDER,RHB,RIGHT ARM Off Spin,,,,,,,,Uncapped,30
542,75,UAL11,Ayush,Vartak,India,MCA,29/10/2004,20,ALL-ROUNDER,RHB,RIGHT ARM Fast Medium,,,,,,,,Uncapped,30
543,76,UAL12,Baba,Aparajith,India,KCA,08/07/1994,30,ALL-ROUNDER,RHB,RIGHT ARM Off Spin,,,,0,RPS,,,Uncapped,30
544,76,UAL12,Sumit Kumar,Beniwal,India,DDCA,11/04/1999,25,ALL-ROUNDER,RHB,RIGHT ARM Fast,,,,,,,,Uncapped,30
545,76,UAL12,Nishunk,Birla,India,UTCA,22/10/2004,20,ALL-ROUNDER,RHB,LEFT ARM Slow Orthodox,,,,,,,,Uncapped,30
546,76,UAL12,Digvijay,Deshmukh,India,MACA,12/04/1998,26,ALL-ROUNDER,RHB,RIGHT ARM Fast Medium,,,,0,MI,,,Uncapped,30
547,76,UAL12,Lakshay,Jain,India,TNCA,05/07/2002,22,ALL-ROUNDER,LHB,RIGHT ARM Off Spin,,,,,,,,Uncapped,30
548,76,UAL12,Duan,Jansen,South Africa,,01/05/2000,24,ALL-ROUNDER,RHB,LEFT ARM Fast,,,,,,,,Uncapped,30
549,76,UAL12,Kritagya,Singh,India,UPCA,25/09/2000,24,ALL-ROUNDER,LHB,LEFT ARM Slow Orthodox,,,,,,,,Uncapped,30
550,76,UAL12,P.,Vignesh,India,TNCA,06/04/2005,20,ALL-ROUNDER,LHB,LEFT ARM Slow Orthodox,,,,,,,,Uncapped,30
551,77,UAL13,Sabhay,Chadha,India,CAP,07/05/1998,26,ALL-ROUNDER,RHB,RIGHT ARM Fast Medium,,,,,,,,Uncapped,30
552,77,UAL13,Ben,Howell,England,,05/10/1988,36,ALL-ROUNDER,RHB,RIGHT ARM Leg Spin,,,,0,PBKS,,,Uncapped,50
553,77,UAL13,Hemanth,Kumar,India,ACA,12/12/2004,20,ALL-ROUNDER,LHB,LEFT ARM Slow Orthodox,,,,,,,,Uncapped,30
554,77,UAL13,Rohan,Rana,India,HCA,12/01/2002,23,ALL-ROUNDER,RHB,RIGHT ARM Fast,,,,,,,,Uncapped,30
555,77,UAL13,Bharat,Sharma,India,CAP,15/11/1995,29,ALL-ROUNDER,RHB,RIGHT ARM Off Spin,,,,,,,,Uncapped,30
556,77,UAL13,Pratham,Singh,India,RSPB,31/08/1992,32,ALL-ROUNDER,LHB,RIGHT ARM Off Spin,,,,0,"GL,KKR",,,Uncapped,30
557,77,UAL13,Tripurana,Vijay,India,ACA,05/09/2001,23,ALL-ROUNDER,RHB,RIGHT ARM Off Spin,,,,,,,,Uncapped,30
558,77,UAL13,Ravi,Yadav,India,JSCA,26/12/1997,27,ALL-ROUNDER,RHB,RIGHT ARM Leg Spin,,,,,,,,Uncapped,30
559,78,UAL14,Arjun,Azad,India,UTCA,08/08/2001,23,ALL-ROUNDER,RHB,RIGHT ARM Leg Spin,,,,,,,,Uncapped,30
560,78,UAL14,Abhay,Choudhary,India,PCA,26/06/2002,22,ALL-ROUNDER,RHB,RIGHT ARM Leg Spin,,,,,,,,Uncapped,30
561,78,UAL14,Gaurav,Gambhir,India,UTCA,26/11/1987,37,ALL-ROUNDER,RHB,RIGHT ARM Off Spin,,,,,,,,Uncapped,30
562,78,UAL14,Shubham,Garhwal,India,RCA,14/05/1995,29,ALL-ROUNDER,LHB,LEFT ARM Slow Orthodox,,,,,,,,Uncapped,30
563,78,UAL14,Tejasvi,Jaiswal,India,TCA,02/03/1997,28,ALL-ROUNDER,LHB,RIGHT ARM Fast,,,,,,,,Uncapped,30
564,78,UAL14,Sairaj,Patil,India,MCA,31/10/1996,28,ALL-ROUNDER,RHB,RIGHT ARM Fast Medium,,,,,,,,Uncapped,30
565,78,UAL14,Madhav,Tiwari,India,MPCA,28/09/2003,21,ALL-ROUNDER,RHB,RIGHT ARM Fast Medium,,,,,,,,Uncapped,30
566,78,UAL14,Kamal,Tripathi,India,MPCA,15/08/1998,26,ALL-ROUNDER,RHB,RIGHT ARM Off Spin,,,,,,,,Uncapped,30
567,79,UAL15,Prashant,Chauhan,India,CAU,01/04/2001,24,ALL-ROUNDER,LHB,LEFT ARM Slow Orthodox,,,,,,,,Uncapped,30
568,79,UAL15,Yash,Dabas,India,DDCA,08/12/2004,20,ALL-ROUNDER,RHB,RIGHT ARM Fast Medium,,,,,,,,Uncapped,30
569,79,UAL15,Dhruv,Kaushik,India,DDCA,11/07/2000,24,ALL-ROUNDER,RHB,RIGHT ARM Off Spin,,,,,,,,Uncapped,30
570,79,UAL15,Khrievitso,Kense,India,NCA,06/03/2004,21,ALL-ROUNDER,RHB,RIGHT ARM Leg Spin,,,,,,,,Uncapped,30
571,79,UAL15,Akash,Parkar,India,MCA,20/05/1994,30,ALL-ROUNDER,RHB,RIGHT ARM Medium,,,,,,,,Uncapped,30
572,79,UAL15,Vignesh,Puthur,India,KCA,02/03/2001,24,ALL-ROUNDER,RHB,LEFT ARM Slow Unorthodox,,,,,,,,Uncapped,30
573,79,UAL15,Tripuresh,Singh,India,MPCA,13/04/2002,22,ALL-ROUNDER,RHB,RIGHT ARM Medium,,,,,,,,Uncapped,30
574,79,UAL15,Vijay,Yadav,India,UPCA,19/12/2001,23,ALL-ROUNDER,RHB,RIGHT ARM Off Spin,,,,,,,,Uncapped,30
